PS_10_12,PS_16_24,PS_20_24,PS_4_12,PS_8_12,Mag_Alnico9,Mag_NdFe35,Mag_SmCo28,ST_1,ST_2,ST_3,MagThk_mm,Embrace,AirgapFlux,Cogging,Efficiency,Torque
0,0,0,0,1,0,1,0,0,0,1,7.26,0.887,0.170619,0.184267,94.9558,0.788687
0,1,0,0,0,0,0,1,1,0,0,4.06,0.623,0.725048,6.8469,84.1225,5.355
1,0,0,0,0,0,0,1,1,0,0,7.74,0.635,0.220748,0.0896852,90.0711,0.477414
0,0,0,0,1,1,0,0,1,0,0,4.22,0.516,0.127311,0.103512,96.8749,0.479269
0,0,0,1,0,0,1,0,0,1,0,5.3,0.781,0.141334,0.126583,96.9727,0.6011
0,1,0,0,0,1,0,0,1,0,0,4.18,0.829,0.122753,0.298125,95.3904,1.2347
0,1,0,0,0,0,0,1,0,1,0,7.61,0.791,0.326513,1.98144,89.797,2.79517
1,0,0,0,0,0,0,1,1,0,0,4.79,0.523,0.495008,0.396924,87.1386,0.969077
1,0,0,0,0,0,1,0,1,0,0,4.66,0.624,0.456426,0.467457,85.1253,0.981305
0,1,0,0,0,0,0,1,0,0,1,6.4,0.764,0.488588,4.24896,87.4525,4.09193
1,0,0,0,0,0,1,0,0,1,0,5.74,0.82,0.354562,0.128256,82.4961,0.885993
0,0,0,0,1,0,1,0,0,0,1,4.01,0.641,0.389563,0.669359,91.4388,1.48185
0,0,0,1,0,0,0,1,1,0,0,6.02,0.757,0.121976,0.093841,97.2841,0.508008
0,0,0,0,1,0,1,0,0,1,0,6.98,0.782,0.206329,0.265273,93.8557,0.873341
0,1,0,0,0,1,0,0,0,1,0,4.51,0.633,0.124473,0.167074,94.8066,1.06658
1,0,0,0,0,0,0,1,1,0,0,7.7,0.873,0.17854,0.0653146,88.4846,0.451902
0,1,0,0,0,0,1,0,1,0,0,7.14,0.64,0.459482,1.72903,87.6966,3.46202
0,1,0,0,0,0,1,0,0,1,0,6.51,0.754,0.496582,4.25224,86.5766,4.11334
0,1,0,0,0,0,1,0,1,0,0,6.28,0.819,0.499937,4.82263,87.7558,4.37804
0,0,1,0,0,0,1,0,0,1,0,6.95,0.537,0.639075,1.60841,78.8076,2.50806
0,0,0,0,1,0,1,0,1,0,0,5.65,0.565,0.331088,0.686515,92.6697,1.15485
0,0,1,0,0,0,0,1,0,0,1,5.02,0.782,0.685512,2.38542,71.1858,3.35414
0,0,1,0,0,1,0,0,0,0,1,7.86,0.87,0.132931,0.0716037,88.8526,0.747539
1,0,0,0,0,1,0,0,0,1,0,5.15,0.525,0.130856,0.029124,94.82,0.297828
0,0,0,1,0,0,0,1,0,0,1,5.92,0.895,0.12049,0.0916945,97.2803,0.562896
1,0,0,0,0,1,0,0,1,0,0,4.07,0.737,0.126597,0.0407642,92.9661,0.345292
0,1,0,0,0,0,0,1,0,1,0,7.68,0.646,0.362744,0.840759,88.6051,2.72495
1,0,0,0,0,0,1,0,0,0,1,6.56,0.552,0.356132,0.287973,88.7327,0.713784
0,0,0,1,0,0,0,1,1,0,0,4.55,0.826,0.152081,0.147295,96.953,0.674628
1,0,0,0,0,0,0,1,1,0,0,6.48,0.545,0.349143,0.268154,89.0266,0.695873
0,0,1,0,0,0,0,1,0,0,1,7.88,0.536,0.468124,0.816575,83.0431,1.83536
0,1,0,0,0,1,0,0,0,0,1,5.5,0.558,0.128128,0.299897,95.3518,1.00521
0,0,0,1,0,0,0,1,0,0,1,6.61,0.553,0.124194,0.0969925,96.7296,0.432488
0,0,0,0,1,0,1,0,0,0,1,7.83,0.732,0.153354,0.138167,94.9732,0.621139
0,0,0,1,0,0,1,0,0,0,1,4.13,0.505,0.227912,0.33182,95.601,0.760088
0,0,1,0,0,1,0,0,0,1,0,6.61,0.753,0.130965,0.0975178,89.6691,0.711947
0,0,1,0,0,0,1,0,0,0,1,4.48,0.757,0.760261,3.4717,70.3754,3.65502
0,0,0,1,0,0,0,1,0,0,1,4.94,0.575,0.175461,0.195518,96.3832,0.628825
0,0,0,0,1,0,1,0,0,0,1,8.12,0.713,0.134052,0.0972856,95.3732,0.533335
0,1,0,0,0,0,1,0,1,0,0,5.88,0.765,0.56017,5.63016,86.4434,4.68972
1,0,0,0,0,0,1,0,0,0,1,7.72,0.726,0.206769,0.0978638,89.0296,0.481802
0,0,0,1,0,0,1,0,1,0,0,6.33,0.881,0.111331,0.0780693,97.3561,0.513103
1,0,0,0,0,1,0,0,0,0,1,5.94,0.817,0.131529,0.0207817,91.6927,0.364444
0,1,0,0,0,0,1,0,0,1,0,8.25,0.822,0.248157,1.17656,91.4483,2.17901
0,1,0,0,0,0,1,0,0,0,1,5.81,0.836,0.550486,5.91363,87.1635,4.89069
0,0,1,0,0,0,1,0,0,1,0,7.57,0.722,0.45587,1.01873,76.8771,2.11354
0,1,0,0,0,0,0,1,0,0,1,6.87,0.892,0.393601,2.9574,89.9506,3.65564
0,0,0,1,0,0,0,1,0,0,1,8.48,0.593,0.0532731,0.0176118,97.8582,0.190972
0,0,0,1,0,0,1,0,0,0,1,8.49,0.686,0.0489351,0.0118703,98.3583,0.19033
0,0,1,0,0,1,0,0,1,0,0,4.99,0.643,0.126545,0.0471125,92.0484,0.654823
1,0,0,0,0,1,0,0,0,1,0,4.21,0.62,0.12752,0.0381069,93.9519,0.319534
1,0,0,0,0,1,0,0,0,1,0,7.73,0.535,0.130453,0.0329064,94.5303,0.288481
0,0,0,1,0,0,1,0,1,0,0,6.11,0.57,0.140904,0.125173,96.6404,0.496946
1,0,0,0,0,1,0,0,1,0,0,8.02,0.812,0.0951961,0.0125766,93.1049,0.258232
0,0,0,1,0,0,1,0,1,0,0,5.11,0.716,0.149521,0.140301,96.9997,0.600376
0,1,0,0,0,1,0,0,1,0,0,6.23,0.81,0.129784,0.322883,95.0746,1.25155
0,0,1,0,0,1,0,0,0,1,0,6.8,0.898,0.131232,0.102455,88.4495,0.750186
1,0,0,0,0,0,1,0,0,0,1,5.41,0.597,0.419188,0.433065,86.501,0.87864
0,0,1,0,0,0,0,1,0,0,1,8.07,0.585,0.404313,0.915474,83.0255,1.66802
0,0,1,0,0,0,0,1,0,1,0,6.03,0.758,0.624145,2.23425,71.8445,2.99077
0,0,1,0,0,1,0,0,0,0,1,7.73,0.638,0.13314,0.0556611,91.5041,0.65735
0,0,0,0,1,0,1,0,0,1,0,8.18,0.55,0.157362,0.15305,94.8615,0.537751
0,0,1,0,0,1,0,0,1,0,0,6.47,0.536,0.130798,0.0671029,93.1666,0.605504
0,1,0,0,0,0,1,0,0,1,0,7.93,0.702,0.318908,1.04121,89.3742,2.51719
0,0,0,0,1,0,1,0,0,0,1,8.16,0.56,0.157024,0.151786,94.8671,0.542194
1,0,0,0,0,0,1,0,0,1,0,7.08,0.673,0.280996,0.0380391,87.2324,0.627016
0,0,0,0,1,1,0,0,1,0,0,4.92,0.826,0.127917,0.104049,96.2604,0.619723
1,0,0,0,0,0,1,0,1,0,0,4.71,0.663,0.437258,0.0600076,84.5432,0.972009
0,0,0,0,1,0,1,0,0,1,0,5.12,0.747,0.316955,0.620924,92.0344,1.303
1,0,0,0,0,0,0,1,1,0,0,4.81,0.697,0.407397,0.321174,84.4359,0.932835
0,0,1,0,0,1,0,0,0,1,0,5.54,0.783,0.128223,0.0810699,89.531,0.720983
1,0,0,0,0,1,0,0,1,0,0,7.4,0.855,0.119716,0.0207796,91.8353,0.331131
0,0,0,0,1,0,0,1,0,1,0,5.07,0.709,0.311293,0.527069,92.0104,1.23819
0,0,0,1,0,0,0,1,0,1,0,8.0,0.763,0.0620505,0.0240205,98.0282,0.259258
0,0,0,1,0,0,0,1,1,0,0,5.65,0.506,0.169437,0.181612,96.1862,0.563205
0,1,0,0,0,0,1,0,0,1,0,7.29,0.683,0.418182,0.935954,87.4359,3.24325
0,0,0,0,1,0,0,1,0,1,0,6.36,0.547,0.284211,0.506199,93.2309,0.974104
0,0,0,0,1,0,0,1,0,1,0,7.72,0.879,0.138644,0.121232,95.44,0.637119
0,1,0,0,0,0,1,0,0,0,1,4.86,0.806,0.622815,7.50356,85.9656,5.41174
0,0,0,0,1,0,1,0,0,0,1,7.07,0.568,0.24351,0.366364,93.6298,0.848276
0,0,0,1,0,1,0,0,0,0,1,4.33,0.808,0.104973,0.0702699,97.7915,0.527197
0,0,1,0,0,0,1,0,0,0,1,5.16,0.83,0.70947,0.13482,69.5547,3.55529
0,0,1,0,0,0,0,1,1,0,0,7.41,0.814,0.433799,0.381097,76.5738,2.14577
0,0,0,0,1,0,1,0,1,0,0,7.48,0.747,0.17688,0.189434,94.5549,0.725983
0,0,1,0,0,0,1,0,1,0,0,6.88,0.883,0.50727,1.329,73.808,2.5611
1,0,0,0,0,1,0,0,0,1,0,6.39,0.719,0.132626,0.040046,92.3566,0.343257
1,0,0,0,0,0,0,1,0,0,1,7.36,0.694,0.243179,0.100405,88.4839,0.553091
0,1,0,0,0,1,0,0,1,0,0,6.69,0.598,0.131095,0.267953,95.0105,1.05481
0,1,0,0,0,1,0,0,1,0,0,4.31,0.856,0.123346,0.300956,95.4542,1.26163
0,0,1,0,0,1,0,0,0,1,0,4.47,0.733,0.124411,0.0902829,90.5704,0.694204
0,0,0,0,1,0,0,1,0,0,1,8.06,0.874,0.116477,0.0853741,95.9116,0.533699
0,1,0,0,0,0,1,0,0,1,0,5.73,0.595,0.621788,6.23176,85.0994,4.43829
1,0,0,0,0,0,0,1,1,0,0,5.45,0.681,0.377291,0.156523,85.4241,0.851473
0,0,1,0,0,1,0,0,1,0,0,6.92,0.779,0.131591,0.0850424,89.7919,0.72299
0,0,0,0,1,0,0,1,0,1,0,7.6,0.835,0.152054,0.144812,95.0197,0.674181
0,0,1,0,0,1,0,0,1,0,0,4.62,0.627,0.125133,0.0703721,92.3791,0.646395
1,0,0,0,0,0,0,1,0,1,0,4.39,0.874,0.415311,0.382804,80.4197,1.05746
0,0,1,0,0,0,0,1,0,0,1,6.66,0.529,0.64309,1.35313,80.091,2.51074
1,0,0,0,0,0,1,0,0,0,1,5.88,0.881,0.327238,0.24443,83.5627,0.82999
0,0,0,0,1,1,0,0,0,0,1,4.59,0.784,0.127289,0.102908,96.177,0.599708
0,0,0,0,1,0,0,1,0,1,0,8.31,0.853,0.101437,0.0644033,96.0781,0.456815
0,0,1,0,0,1,0,0,1,0,0,6.19,0.672,0.130091,0.0103401,91.3563,0.671963
0,1,0,0,0,0,1,0,0,0,1,5.31,0.578,0.671593,7.86897,85.4845,4.72944
0,0,1,0,0,0,1,0,1,0,0,4.2,0.5,0.964699,0.00153934,76.6005,3.65393
0,1,0,0,0,0,1,0,0,1,0,4.78,0.611,0.694732,7.08007,83.861,5.05876
1,0,0,0,0,0,1,0,0,1,0,6.41,0.83,0.297447,0.0230372,84.0356,0.746068
0,0,1,0,0,1,0,0,0,0,1,6.28,0.877,0.130119,0.0819673,89.0961,0.744985
0,0,0,0,1,0,0,1,0,0,1,4.58,0.559,0.389516,0.961279,92.1335,1.34881
1,0,0,0,0,0,0,1,0,1,0,6.77,0.56,0.322942,0.244192,88.7034,0.652803
1,0,0,0,0,1,0,0,0,1,0,5.97,0.866,0.13135,0.0338896,91.0639,0.369216
1,0,0,0,0,0,0,1,0,0,1,5.27,0.769,0.374841,0.342257,83.733,0.907257
0,1,0,0,0,0,0,1,1,0,0,5.04,0.648,0.626117,2.53102,85.0716,4.73329
1,0,0,0,0,0,0,1,0,1,0,4.83,0.621,0.434402,0.432475,85.0145,0.932911
0,0,1,0,0,0,0,1,0,1,0,5.3,0.587,0.767577,3.52996,74.9136,3.20097
0,0,1,0,0,1,0,0,1,0,0,7.91,0.549,0.133426,0.0822516,92.7984,0.613309
0,0,1,0,0,0,1,0,0,1,0,8.48,0.728,0.302255,0.457051,81.3561,1.40561
0,0,0,0,1,1,0,0,1,0,0,6.9,0.893,0.114847,0.0836457,96.5497,0.573439
0,0,0,1,0,0,1,0,0,0,1,4.16,0.878,0.165282,0.17434,96.7899,0.764311
1,0,0,0,0,0,1,0,0,0,1,7.45,0.609,0.263887,0.159973,89.4279,0.557304
0,1,0,0,0,1,0,0,0,0,1,6.31,0.672,0.130153,0.0320084,94.602,1.12088
1,0,0,0,0,1,0,0,0,1,0,8.32,0.766,0.0814814,0.0153196,93.8301,0.214376
0,0,1,0,0,0,0,1,0,0,1,6.4,0.813,0.585437,0.766664,72.6382,2.90352
0,0,0,1,0,0,1,0,0,1,0,6.94,0.611,0.110039,0.0752646,97.1894,0.401522
0,0,1,0,0,1,0,0,1,0,0,8.38,0.667,0.132453,0.000466499,91.1512,0.665063
0,0,0,0,1,1,0,0,0,1,0,6.43,0.84,0.124811,0.098229,96.1555,0.601349
1,0,0,0,0,0,1,0,1,0,0,6.44,0.549,0.366157,0.302356,88.5901,0.73157
0,0,0,1,0,1,0,0,0,1,0,5.33,0.724,0.0983567,0.0609502,97.8405,0.451659
0,0,0,1,0,0,0,1,1,0,0,5.48,0.836,0.132921,0.111851,97.1325,0.592741
1,0,0,0,0,0,1,0,1,0,0,8.29,0.759,0.149477,0.051987,90.5846,0.356893
1,0,0,0,0,0,0,1,0,0,1,5.58,0.649,0.3773,0.184905,86.1545,0.828967
1,0,0,0,0,1,0,0,0,0,1,7.82,0.563,0.125509,0.0362127,94.5398,0.283451
0,0,0,0,1,0,1,0,0,0,1,4.26,0.748,0.348863,0.760346,91.9478,1.43916
1,0,0,0,0,0,1,0,0,1,0,5.8,0.69,0.371119,0.21897,84.6574,0.841598
1,0,0,0,0,0,0,1,0,1,0,4.11,0.601,0.491992,0.610071,84.4995,1.04121
0,0,0,1,0,0,1,0,0,0,1,4.57,0.795,0.156101,0.155204,96.8473,0.673534
0,1,0,0,0,0,0,1,0,1,0,4.09,0.833,0.623093,7.69857,85.6769,5.55404
0,0,1,0,0,0,0,1,0,0,1,5.26,0.59,0.769621,3.54104,75.9253,3.22008
0,1,0,0,0,1,0,0,0,0,1,8.43,0.663,0.121096,0.0156019,94.7962,1.01848
0,1,0,0,0,1,0,0,1,0,0,7.67,0.689,0.132543,0.123531,94.5837,1.14696
1,0,0,0,0,0,0,1,0,0,1,4.22,0.784,0.419902,0.418566,82.3805,1.03063
0,0,0,0,1,0,0,1,0,0,1,8.43,0.854,0.0933533,0.0545304,96.2862,0.421185
0,0,0,0,1,0,0,1,0,0,1,7.81,0.573,0.180297,0.198987,94.6414,0.631457
1,0,0,0,0,0,0,1,1,0,0,5.9,0.863,0.325607,0.198028,83.6659,0.825477
0,0,1,0,0,1,0,0,1,0,0,8.36,0.623,0.133439,0.0755006,91.7371,0.648518
0,0,0,0,1,0,0,1,1,0,0,6.35,0.684,0.255651,0.210833,93.1491,0.991509
0,0,1,0,0,1,0,0,0,0,1,5.35,0.759,0.127667,0.0950195,90.3154,0.707542
0,1,0,0,0,0,1,0,0,0,1,5.8,0.669,0.585584,0.295893,85.4217,4.49257
0,0,1,0,0,1,0,0,1,0,0,6.3,0.539,0.130412,0.0712193,93.1562,0.607078
0,0,1,0,0,1,0,0,0,1,0,6.97,0.83,0.131637,0.00373086,88.7041,0.742235
0,0,0,1,0,0,0,1,0,1,0,8.02,0.647,0.0682978,0.0234475,98.0324,0.264044
1,0,0,0,0,0,0,1,0,1,0,6.31,0.802,0.307953,0.179536,84.1601,0.761153
1,0,0,0,0,0,0,1,0,1,0,8.12,0.721,0.165227,0.0607548,90.0654,0.383611
0,0,1,0,0,0,0,1,0,0,1,8.39,0.665,0.315677,0.0249812,83.2825,1.39884
0,0,0,1,0,1,0,0,1,0,0,4.18,0.693,0.11398,0.0754894,97.7263,0.52643
1,0,0,0,0,0,0,1,1,0,0,7.28,0.796,0.227294,0.103487,87.3995,0.558805
0,0,0,1,0,0,1,0,1,0,0,8.21,0.618,0.0644575,0.0254122,97.898,0.237071
0,0,1,0,0,1,0,0,0,1,0,5.64,0.553,0.128696,0.0858044,92.7719,0.615333
0,0,1,0,0,1,0,0,0,1,0,8.2,0.858,0.131485,0.0503179,88.4507,0.737952
0,0,0,0,1,1,0,0,0,0,1,5.44,0.772,0.129411,0.105242,96.072,0.596465
1,0,0,0,0,0,1,0,1,0,0,8.24,0.717,0.159747,0.0555589,90.6877,0.369403
1,0,0,0,0,1,0,0,0,0,1,7.57,0.607,0.128899,0.0382789,93.9712,0.302381
0,0,1,0,0,1,0,0,0,0,1,6.3,0.775,0.130263,0.0882503,89.8826,0.718364
0,1,0,0,0,0,1,0,0,1,0,7.69,0.814,0.322094,1.97659,89.9809,2.80849
0,0,1,0,0,1,0,0,1,0,0,7.03,0.513,0.131908,0.0268279,93.3705,0.591596
0,0,1,0,0,1,0,0,1,0,0,7.28,0.577,0.13246,0.0999706,92.4947,0.627972
0,0,1,0,0,0,1,0,1,0,0,6.59,0.533,0.687651,1.72521,79.2081,2.68993
1,0,0,0,0,1,0,0,0,1,0,8.33,0.89,0.0759704,0.0131633,93.445,0.20954
0,0,1,0,0,0,0,1,0,0,1,5.13,0.802,0.675544,1.61962,70.8862,3.34562
0,0,0,1,0,0,1,0,0,0,1,7.5,0.58,0.0944678,0.0557962,97.1216,0.334781
0,0,0,0,1,0,0,1,0,0,1,7.21,0.582,0.22182,0.300084,94.0063,0.784473
1,0,0,0,0,1,0,0,1,0,0,4.19,0.821,0.126787,0.0163159,92.0798,0.363561
1,0,0,0,0,0,1,0,0,0,1,4.29,0.681,0.454399,0.237439,83.8401,1.0268
0,0,0,1,0,0,1,0,0,1,0,5.21,0.636,0.156609,0.14534,96.7639,0.585966
0,0,0,1,0,0,0,1,1,0,0,6.34,0.703,0.116637,0.0819735,97.4044,0.462118
0,0,0,1,0,1,0,0,0,1,0,5.77,0.825,0.0849351,0.0455891,98.0098,0.418331
0,0,0,1,0,1,0,0,1,0,0,5.19,0.712,0.101309,0.0640045,97.8355,0.462267
0,0,0,1,0,1,0,0,1,0,0,6.83,0.682,0.0729965,0.0239467,98.1447,0.316424
0,1,0,0,0,1,0,0,0,0,1,7.57,0.753,0.132303,0.297623,94.7098,1.20577
0,0,0,0,1,1,0,0,0,0,1,4.37,0.758,0.126692,0.101124,96.1457,0.587286
1,0,0,0,0,0,1,0,0,0,1,6.72,0.528,0.352011,0.217795,89.3449,0.687893
0,0,0,1,0,0,0,1,0,0,1,7.63,0.827,0.0713291,0.0318328,97.7844,0.314972
0,0,1,0,0,0,0,1,0,1,0,8.46,0.83,0.268281,0.0136386,80.7987,1.33292
0,0,0,0,1,1,0,0,0,0,1,8.4,0.789,0.0606891,0.0227899,97.444,0.277672
0,1,0,0,0,0,1,0,1,0,0,6.65,0.823,0.451919,3.93974,88.479,3.97022
0,1,0,0,0,0,1,0,0,0,1,8.13,0.664,0.30073,0.0690871,90.1982,2.29076
0,0,0,0,1,0,1,0,0,1,0,4.83,0.809,0.325034,0.671682,92.1597,1.41059
0,0,0,0,1,0,0,1,1,0,0,7.32,0.708,0.192446,0.19453,94.2857,0.762747
0,0,1,0,0,1,0,0,0,0,1,6.66,0.701,0.131132,0.0631267,90.79,0.685731
1,0,0,0,0,0,1,0,1,0,0,7.18,0.839,0.231599,0.0235358,86.7259,0.58234
1,0,0,0,0,0,0,1,0,0,1,5.52,0.556,0.418057,0.414756,87.5677,0.844255
0,1,0,0,0,0,1,0,0,0,1,8.42,0.572,0.283243,1.36932,91.1104,1.97871
0,0,0,0,1,0,0,1,0,0,1,4.91,0.61,0.347127,0.708146,92.1772,1.2638
0,1,0,0,0,0,0,1,0,0,1,5.93,0.755,0.528875,4.87006,86.7963,4.3987
0,1,0,0,0,0,0,1,0,0,1,4.42,0.864,0.612256,7.39235,86.7994,5.59229
0,1,0,0,0,1,0,0,0,1,0,7.85,0.829,0.130925,0.329395,94.8428,1.26592
0,1,0,0,0,0,1,0,1,0,0,4.87,0.629,0.676342,5.28699,84.6859,5.04099
1,0,0,0,0,0,1,0,0,1,0,5.4,0.534,0.452059,0.412827,86.906,0.891183
0,0,1,0,0,0,1,0,1,0,0,6.85,0.835,0.527495,0.117427,73.6884,2.6335
0,1,0,0,0,1,0,0,1,0,0,6.77,0.808,0.130954,0.326811,95.0246,1.25478
0,0,1,0,0,1,0,0,1,0,0,7.54,0.695,0.132775,0.0530819,90.8094,0.685873
0,0,0,0,1,1,0,0,1,0,0,7.94,0.713,0.0878083,0.0418132,96.7396,0.378058
0,1,0,0,0,0,0,1,1,0,0,5.84,0.604,0.578726,5.09155,86.3336,4.17849
1,0,0,0,0,0,1,0,0,0,1,6.59,0.561,0.350924,0.289751,88.6243,0.709581
1,0,0,0,0,0,1,0,1,0,0,7.43,0.801,0.217791,0.0886739,87.6254,0.536414
0,0,1,0,0,0,1,0,0,1,0,7.37,0.617,0.541027,1.39388,77.9672,2.29744
1,0,0,0,0,1,0,0,1,0,0,8.12,0.632,0.105642,0.021284,94.3986,0.251898
0,1,0,0,0,0,0,1,0,0,1,7.29,0.867,0.348651,2.34834,90.4231,3.1769
1,0,0,0,0,0,0,1,0,1,0,5.09,0.797,0.381953,0.305049,82.2073,0.943247
0,0,1,0,0,0,0,1,0,0,1,5.75,0.851,0.638766,0.980578,70.8468,3.22273
0,0,0,0,1,0,0,1,0,0,1,7.06,0.857,0.185104,0.215701,94.6578,0.836061
0,0,1,0,0,1,0,0,0,1,0,4.36,0.735,0.123923,0.0906941,90.5903,0.694498
0,0,1,0,0,1,0,0,1,0,0,4.96,0.839,0.126268,0.0149006,89.6917,0.735047
1,0,0,0,0,0,1,0,0,0,1,7.58,0.752,0.214256,0.109134,88.4382,0.509398
0,0,0,1,0,0,1,0,1,0,0,4.41,0.506,0.217383,0.30131,95.7287,0.724572
0,1,0,0,0,1,0,0,0,1,0,6.5,0.663,0.130595,0.0204973,94.4181,1.11734
0,0,1,0,0,0,1,0,0,0,1,4.97,0.86,0.717283,1.79569,69.0318,3.62972
0,0,0,0,1,0,1,0,1,0,0,4.3,0.508,0.448096,1.28181,92.1644,1.47648
0,0,1,0,0,0,1,0,0,0,1,4.49,0.565,0.912868,4.88017,74.7201,3.73027
0,0,1,0,0,1,0,0,0,0,1,5.65,0.568,0.128737,0.0956341,92.8159,0.620053
0,0,0,0,1,0,0,1,0,1,0,8.01,0.609,0.156273,0.139954,94.8903,0.566989
0,1,0,0,0,0,0,1,0,1,0,7.11,0.881,0.367027,2.58897,89.8132,3.37799
1,0,0,0,0,0,0,1,0,1,0,5.95,0.596,0.369271,0.332356,86.9141,0.773319
0,0,1,0,0,0,1,0,0,0,1,4.7,0.855,0.727038,1.5639,68.8768,3.67873
1,0,0,0,0,0,1,0,1,0,0,7.2,0.515,0.316602,0.107215,90.2302,0.608561
0,0,1,0,0,0,0,1,0,0,1,6.45,0.578,0.641077,2.39355,78.4719,2.63971
0,0,1,0,0,1,0,0,1,0,0,5.03,0.642,0.12669,0.0488794,92.0503,0.6545
0,0,0,0,1,1,0,0,0,1,0,4.03,0.762,0.125375,0.0996287,96.0909,0.587781
0,0,0,0,1,0,1,0,0,1,0,5.38,0.771,0.303842,0.580258,92.3011,1.27512
0,1,0,0,0,0,1,0,0,0,1,8.37,0.517,0.312192,1.80308,91.176,2.05047
1,0,0,0,0,0,1,0,0,1,0,4.68,0.501,0.532424,0.0244058,86.492,1.0118
0,1,0,0,0,1,0,0,1,0,0,5.46,0.686,0.127871,0.108327,94.7563,1.12679
0,1,0,0,0,0,1,0,1,0,0,7.95,0.545,0.37427,2.53702,90.0014,2.53657
0,0,1,0,0,0,1,0,0,0,1,5.89,0.616,0.720266,2.61245,75.6906,3.07066
0,0,0,1,0,0,1,0,1,0,0,7.09,0.709,0.0981728,0.0587547,97.6226,0.389997
0,0,0,0,1,0,1,0,0,1,0,4.27,0.613,0.388452,0.883766,91.2477,1.42009
0,0,1,0,0,0,1,0,0,1,0,7.78,0.52,0.517703,0.602715,81.5866,1.98452
0,1,0,0,0,0,1,0,0,1,0,5.7,0.768,0.573853,5.96418,85.5479,4.81648
0,1,0,0,0,0,1,0,0,0,1,5.99,0.838,0.528099,5.43749,87.4803,4.69913
0,0,1,0,0,1,0,0,0,1,0,8.06,0.716,0.133353,0.0800065,89.9588,0.696512
0,1,0,0,0,0,0,1,0,1,0,6.44,0.582,0.532102,4.78985,86.6664,3.75904
0,0,0,0,1,0,0,1,0,0,1,5.97,0.607,0.289183,0.490876,92.9497,1.04618
0,1,0,0,0,0,0,1,0,1,0,6.67,0.695,0.476594,2.01888,86.4863,3.74663
0,1,0,0,0,1,0,0,0,1,0,4.57,0.567,0.124807,0.283591,95.2863,1.00751
0,0,0,0,1,0,1,0,1,0,0,4.39,0.626,0.376872,0.769893,91.6407,1.39451
1,0,0,0,0,1,0,0,1,0,0,5.22,0.51,0.131087,0.013867,95.1497,0.293216
1,0,0,0,0,1,0,0,1,0,0,4.3,0.863,0.127067,0.0313818,91.8379,0.36705
0,1,0,0,0,0,0,1,0,1,0,6.53,0.535,0.545146,5.52319,87.5015,3.71381
0,0,1,0,0,1,0,0,0,1,0,7.31,0.533,0.132456,0.062345,92.7513,0.605523
0,0,0,0,1,0,1,0,1,0,0,4.8,0.741,0.330004,0.66963,92.1668,1.35069
0,0,0,0,1,0,0,1,0,1,0,4.51,0.545,0.402309,1.02953,91.9127,1.37989
0,0,0,0,1,0,1,0,0,1,0,8.25,0.801,0.11352,0.080066,95.625,0.488859
1,0,0,0,0,0,0,1,1,0,0,7.42,0.557,0.272407,0.170108,90.2995,0.548564
1,0,0,0,0,1,0,0,0,0,1,4.62,0.557,0.129184,0.0405976,94.7473,0.304894
1,0,0,0,0,0,1,0,0,0,1,8.0,0.617,0.203742,0.090919,90.7882,0.433232
0,0,0,1,0,0,1,0,0,0,1,7.39,0.612,0.0953733,0.0563112,97.3759,0.34841
0,0,1,0,0,0,1,0,1,0,0,5.24,0.751,0.72149,3.07321,71.3045,3.44143
0,0,0,1,0,0,0,1,1,0,0,7.15,0.527,0.109182,0.074765,96.8387,0.37032
0,0,1,0,0,1,0,0,1,0,0,8.0,0.619,0.133514,0.081071,91.8158,0.649122
0,1,0,0,0,1,0,0,0,1,0,5.55,0.883,0.127868,0.316998,95.1744,1.31071
0,1,0,0,0,0,1,0,1,0,0,5.37,0.889,0.581352,6.53261,87.4019,5.38656
0,0,1,0,0,0,0,1,1,0,0,6.78,0.733,0.558268,1.69915,75.2892,2.62023
0,0,1,0,0,0,1,0,1,0,0,7.05,0.673,0.567877,0.224698,76.7524,2.53437
0,0,1,0,0,1,0,0,0,1,0,5.06,0.892,0.126562,0.095227,88.9303,0.741983
1,0,0,0,0,0,0,1,1,0,0,7.94,0.564,0.218627,0.110178,91.3804,0.442952
0,1,0,0,0,1,0,0,1,0,0,7.09,0.51,0.131935,0.326593,95.674,0.971366
0,0,0,0,1,0,0,1,0,1,0,6.87,0.58,0.243385,0.363025,93.5346,0.859049
0,0,0,1,0,0,1,0,0,0,1,6.41,0.786,0.114184,0.0820813,97.2501,0.486718
1,0,0,0,0,0,0,1,0,0,1,4.38,0.871,0.415474,0.373662,81.3064,1.05829
0,1,0,0,0,0,1,0,0,1,0,6.59,0.652,0.520783,1.311,85.7756,3.92361
0,0,0,0,1,0,0,1,0,1,0,7.36,0.759,0.180161,0.199203,94.3456,0.748007
0,0,0,0,1,1,0,0,0,1,0,4.95,0.795,0.128208,0.104297,96.0527,0.606483
1,0,0,0,0,0,0,1,0,0,1,4.76,0.847,0.397452,0.17187,81.9048,1.00833
1,0,0,0,0,0,0,1,0,1,0,4.23,0.512,0.550817,0.3004,86.013,1.06726
0,0,0,0,1,0,1,0,0,1,0,4.48,0.77,0.339387,0.729646,91.8143,1.4256
0,0,1,0,0,1,0,0,0,1,0,5.57,0.583,0.128475,0.0982884,92.361,0.629761
0,1,0,0,0,0,1,0,0,1,0,6.95,0.514,0.537167,5.4139,87.8255,3.53242
0,1,0,0,0,0,1,0,1,0,0,8.22,0.841,0.24899,1.1937,91.9487,2.22159
0,1,0,0,0,1,0,0,0,1,0,6.79,0.551,0.131347,0.313535,95.1629,1.01221
0,0,0,0,1,0,1,0,1,0,0,7.54,0.742,0.173415,0.180682,94.6193,0.70883
1,0,0,0,0,1,0,0,0,0,1,5.87,0.737,0.1318,0.042351,92.5375,0.347034
0,1,0,0,0,1,0,0,0,1,0,4.1,0.824,0.122365,0.295981,95.1871,1.23036
0,1,0,0,0,0,1,0,1,0,0,6.2,0.849,0.498598,4.84493,88.0561,4.47366
0,0,1,0,0,0,1,0,0,0,1,6.06,0.842,0.640114,0.529596,70.8747,3.21218
0,1,0,0,0,0,0,1,0,1,0,4.24,0.776,0.625895,7.34815,84.9851,5.31654
0,0,1,0,0,0,0,1,0,1,0,8.09,0.884,0.314339,0.497389,78.6319,1.58473
0,0,0,1,0,0,0,1,0,1,0,8.28,0.753,0.0524483,0.0171269,98.1995,0.217238
0,0,1,0,0,0,0,1,0,0,1,5.62,0.811,0.647023,1.06656,71.2887,3.21412
1,0,0,0,0,0,1,0,1,0,0,6.26,0.656,0.349081,0.10019,86.5123,0.769175
0,0,0,0,1,0,1,0,1,0,0,7.77,0.831,0.143736,0.129256,95.215,0.634798
0,0,1,0,0,1,0,0,0,1,0,5.28,0.817,0.127385,0.030726,89.227,0.732271
0,0,0,0,1,0,0,1,0,0,1,8.41,0.811,0.098206,0.059977,96.0958,0.427598
0,0,0,1,0,0,1,0,0,1,0,8.02,0.668,0.0685428,0.00241631,98.0354,0.262098
0,1,0,0,0,1,0,0,1,0,0,5.44,0.728,0.12775,0.249007,94.8638,1.16551
0,0,0,1,0,0,0,1,0,0,1,4.99,0.66,0.15596,0.0636471,96.8933,0.596236
0,0,0,1,0,1,0,0,0,0,1,4.34,0.742,0.10928,0.0761149,97.7395,0.52185
0,0,0,0,1,0,0,1,0,1,0,4.19,0.676,0.359462,0.265058,91.1563,1.38861
1,0,0,0,0,1,0,0,1,0,0,5.91,0.517,0.132669,0.0219092,94.9881,0.294904
0,0,1,0,0,0,1,0,0,0,1,5.25,0.867,0.705601,2.07011,69.2204,3.57185
0,0,0,0,1,1,0,0,0,1,0,7.84,0.657,0.0979912,0.0179249,96.3692,0.402176
1,0,0,0,0,1,0,0,0,1,0,6.02,0.698,0.132244,0.0333811,92.652,0.338604
1,0,0,0,0,0,0,1,1,0,0,5.76,0.636,0.369865,0.260062,86.5634,0.803071
1,0,0,0,0,0,0,1,0,0,1,6.93,0.852,0.245505,0.0785954,86.2322,0.620619
1,0,0,0,0,0,1,0,0,1,0,6.2,0.551,0.383064,0.334904,87.6969,0.767017
0,0,0,0,1,1,0,0,1,0,0,5.34,0.739,0.129454,0.102095,96.0237,0.581875
0,0,1,0,0,0,0,1,0,1,0,6.36,0.507,0.700432,0.424583,78.8727,2.65949
0,0,1,0,0,0,1,0,0,1,0,4.34,0.875,0.732536,2.66462,67.2282,3.72313
1,0,0,0,0,1,0,0,1,0,0,8.3,0.732,0.0853945,0.0167345,94.1996,0.219151
0,1,0,0,0,0,0,1,0,0,1,5.05,0.688,0.605382,2.68663,85.177,4.74324
1,0,0,0,0,0,1,0,0,0,1,8.4,0.555,0.174415,0.0677583,92.6062,0.349736
0,0,1,0,0,0,0,1,0,0,1,5.59,0.725,0.66419,2.36285,73.2401,3.11202
1,0,0,0,0,0,1,0,1,0,0,7.9,0.712,0.192614,0.0792205,89.6559,0.443675
1,0,0,0,0,0,0,1,0,1,0,4.55,0.711,0.41747,0.398031,83.2067,0.96738
0,0,0,1,0,0,0,1,0,0,1,7.56,0.604,0.0875102,0.0476078,97.4627,0.317326
0,0,1,0,0,1,0,0,1,0,0,5.12,0.77,0.126902,0.0900964,90.3257,0.712448
0,0,0,1,0,1,0,0,0,1,0,4.98,0.869,0.0949027,0.0571953,97.9069,0.490658
0,0,1,0,0,0,0,1,0,0,1,7.89,0.52,0.474593,0.504201,83.359,1.82439
0,0,0,1,0,1,0,0,1,0,0,5.67,0.832,0.0862428,0.0470299,98.0141,0.428008
0,0,0,1,0,0,1,0,1,0,0,4.44,0.693,0.167469,0.162369,96.8102,0.659802
0,1,0,0,0,0,0,1,1,0,0,7.0,0.655,0.452258,0.777139,87.5973,3.42068
0,0,0,1,0,1,0,0,0,0,1,5.0,0.85,0.0955027,0.0579337,97.8798,0.486602
1,0,0,0,0,0,0,1,1,0,0,6.54,0.521,0.354024,0.180395,89.4581,0.687566
0,0,1,0,0,1,0,0,1,0,0,7.26,0.706,0.132298,0.0696518,90.699,0.690707
0,0,0,1,0,0,0,1,1,0,0,7.38,0.538,0.0998107,0.0624031,96.9412,0.335237
0,1,0,0,0,0,0,1,0,1,0,7.34,0.748,0.375999,2.3603,88.5918,3.10052
0,1,0,0,0,1,0,0,0,0,1,7.33,0.596,0.132285,0.273286,94.91,1.05473
0,0,0,1,0,0,1,0,0,1,0,7.98,0.785,0.0627526,0.0245864,97.9284,0.267036
0,0,0,1,0,0,0,1,0,1,0,7.13,0.836,0.0872413,0.0477333,97.6216,0.387942
0,0,0,0,1,0,1,0,1,0,0,7.55,0.53,0.217786,0.295697,94.1665,0.725395
0,1,0,0,0,0,1,0,0,1,0,7.94,0.606,0.34867,1.74723,89.2475,2.52291
0,1,0,0,0,1,0,0,0,1,0,6.52,0.692,0.130598,0.138614,94.4103,1.14514
1,0,0,0,0,0,1,0,0,0,1,6.71,0.876,0.262749,0.149243,85.5357,0.665424
0,0,0,1,0,0,1,0,1,0,0,6.29,0.869,0.113083,0.0805691,97.3183,0.516232
0,0,0,1,0,1,0,0,1,0,0,4.76,0.837,0.0989238,0.0622341,97.8835,0.501435
0,1,0,0,0,1,0,0,0,0,1,6.92,0.764,0.131318,0.305431,94.7893,1.21331
1,0,0,0,0,1,0,0,0,1,0,6.04,0.667,0.13239,0.000455954,93.016,0.331283
0,0,0,1,0,0,1,0,0,0,1,6.05,0.595,0.138913,0.121532,96.7617,0.500305
0,1,0,0,0,0,1,0,0,1,0,7.41,0.532,0.469881,4.07665,88.3568,3.14964
0,0,1,0,0,0,0,1,0,1,0,6.22,0.859,0.595768,1.15277,70.4478,3.00501
0,1,0,0,0,1,0,0,1,0,0,5.32,0.724,0.127377,0.24007,94.8652,1.16018
0,0,1,0,0,0,0,1,0,0,1,8.34,0.561,0.360118,0.667458,84.7305,1.44946
0,1,0,0,0,0,0,1,1,0,0,7.62,0.761,0.333019,1.93608,90.0065,2.77867
0,0,0,0,1,0,1,0,0,0,1,6.09,0.691,0.278324,0.317654,92.7895,1.0859
0,0,0,1,0,0,0,1,1,0,0,5.24,0.724,0.142214,0.12752,97.0905,0.576104
0,0,0,1,0,1,0,0,0,0,1,7.1,0.718,0.0647124,0.0258978,98.2244,0.28808
0,0,1,0,0,0,0,1,0,0,1,7.97,0.701,0.378646,0.498316,80.6051,1.72949
0,1,0,0,0,1,0,0,0,1,0,4.57,0.608,0.12475,0.235432,94.9683,1.04478
0,0,0,0,1,0,1,0,0,1,0,4.64,0.86,0.332298,0.704232,92.3138,1.50417
0,0,0,0,1,0,0,1,0,0,1,4.31,0.599,0.384335,0.902174,91.8266,1.38712
0,0,0,1,0,0,0,1,0,1,0,4.04,0.897,0.164554,0.173004,96.8139,0.773834
1,0,0,0,0,0,0,1,0,1,0,7.43,0.706,0.233543,0.110872,88.0323,0.535987
1,0,0,0,0,0,1,0,1,0,0,6.84,0.562,0.331353,0.257176,88.9548,0.670128
0,1,0,0,0,1,0,0,0,0,1,5.05,0.791,0.126396,0.303315,95.065,1.2163
0,0,0,1,0,0,0,1,1,0,0,7.18,0.694,0.093422,0.0495105,97.7131,0.366576
1,0,0,0,0,0,1,0,1,0,0,6.27,0.822,0.310819,0.0834369,84.4323,0.776971
0,0,0,1,0,1,0,0,1,0,0,6.86,0.773,0.0668687,0.0280818,98.2422,0.311872
0,1,0,0,0,1,0,0,0,0,1,6.89,0.593,0.131496,0.276488,94.962,1.04942
0,0,0,1,0,0,0,1,1,0,0,6.69,0.796,0.103139,0.0668716,97.4563,0.443914
0,0,0,0,1,0,1,0,1,0,0,6.07,0.553,0.309636,0.601089,92.9952,1.06681
1,0,0,0,0,0,0,1,0,1,0,4.24,0.834,0.418578,0.0105425,80.6272,1.05796
0,1,0,0,0,0,1,0,1,0,0,6.42,0.691,0.526357,2.18178,86.3839,4.11848
0,0,1,0,0,0,1,0,1,0,0,5.29,0.629,0.772037,2.52676,74.4201,3.33637
1,0,0,0,0,0,1,0,0,0,1,6.75,0.676,0.309155,0.0677805,87.0469,0.692357
0,1,0,0,0,1,0,0,1,0,0,7.8,0.79,0.131859,0.322327,94.9136,1.23671
1,0,0,0,0,0,0,1,0,0,1,5.91,0.705,0.347611,0.252646,85.6335,0.799555
0,0,1,0,0,1,0,0,1,0,0,5.28,0.865,0.127342,0.0642823,89.4687,0.740452
0,0,1,0,0,0,1,0,0,0,1,4.09,0.642,0.870152,2.38907,72.4029,3.8256
1,0,0,0,0,0,1,0,1,0,0,4.37,0.526,0.537204,0.515248,86.4091,1.05428
0,0,0,0,1,0,0,1,0,1,0,4.86,0.891,0.311855,0.621488,92.8014,1.44868
0,0,0,0,1,0,0,1,0,0,1,6.16,0.509,0.312233,0.614347,93.4255,1.02861
0,1,0,0,0,0,1,0,0,1,0,7.88,0.639,0.345776,0.984275,89.0412,2.59976
0,0,0,1,0,0,0,1,0,1,0,4.7,0.541,0.192879,0.236656,96.0322,0.666948
1,0,0,0,0,0,0,1,0,0,1,8.04,0.733,0.170662,0.0674235,90.1673,0.400249
1,0,0,0,0,0,1,0,0,0,1,8.31,0.793,0.143493,0.0414262,90.4776,0.351265
0,1,0,0,0,1,0,0,0,0,1,6.21,0.893,0.129612,0.321805,95.2869,1.32509
0,0,0,0,1,0,0,1,0,0,1,6.35,0.602,0.268838,0.428885,93.2601,0.968183
0,1,0,0,0,1,0,0,0,0,1,6.84,0.71,0.131242,0.209656,94.6114,1.16187
0,0,0,0,1,0,1,0,1,0,0,4.64,0.892,0.329932,0.696432,92.8093,1.53281
1,0,0,0,0,0,0,1,1,0,0,4.54,0.615,0.455804,0.492846,85.4218,0.974926
1,0,0,0,0,0,0,1,0,1,0,6.83,0.675,0.292821,0.0544346,86.9365,0.655722
0,1,0,0,0,0,0,1,1,0,0,6.14,0.55,0.579185,6.15222,87.2994,3.96909
0,0,0,0,1,0,1,0,0,0,1,7.64,0.65,0.183058,0.101157,94.5736,0.705972
0,0,1,0,0,0,0,1,1,0,0,4.14,0.65,0.81433,1.46812,73.1273,3.61296
0,1,0,0,0,0,1,0,0,0,1,8.22,0.709,0.275406,0.880577,90.7548,2.18978
1,0,0,0,0,0,1,0,1,0,0,8.04,0.658,0.190059,0.0227416,90.5109,0.418707
0,0,0,1,0,0,1,0,1,0,0,8.11,0.675,0.0646676,0.0120166,98.1353,0.248939
1,0,0,0,0,0,1,0,0,0,1,6.24,0.688,0.344725,0.174423,85.978,0.780336
0,1,0,0,0,0,0,1,0,0,1,6.67,0.689,0.478158,1.6579,87.1014,3.74025
0,0,0,0,1,0,1,0,0,0,1,6.64,0.897,0.208921,0.277154,94.4303,0.973389
0,0,1,0,0,1,0,0,1,0,0,5.96,0.725,0.129457,0.088775,90.6838,0.695909
0,0,0,1,0,0,1,0,0,1,0,4.84,0.813,0.150373,0.143724,96.874,0.657817
0,0,0,1,0,1,0,0,1,0,0,4.49,0.842,0.101604,0.0657662,97.8624,0.52096
0,0,1,0,0,0,0,1,1,0,0,5.36,0.714,0.685157,2.26896,73.2133,3.18514
0,0,0,1,0,0,1,0,1,0,0,8.17,0.533,0.0733029,0.0335165,97.151,0.249755
1,0,0,0,0,0,1,0,0,0,1,7.08,0.646,0.289385,0.117305,88.0979,0.631577
0,1,0,0,0,1,0,0,0,1,0,5.84,0.856,0.128715,0.323585,95.0529,1.29046
1,0,0,0,0,0,1,0,0,0,1,4.11,0.745,0.445803,0.511281,82.5815,1.06098
1,0,0,0,0,0,0,1,1,0,0,6.57,0.774,0.293402,0.201797,85.7258,0.710745
0,0,0,0,1,0,1,0,0,0,1,5.81,0.722,0.288514,0.481874,92.7017,1.15912
0,0,0,0,1,0,1,0,1,0,0,5.68,0.846,0.279808,0.49593,93.1902,1.25094
1,0,0,0,0,0,0,1,1,0,0,6.81,0.731,0.28377,0.189777,86.7235,0.664967
0,0,0,1,0,0,0,1,0,1,0,8.2,0.699,0.0582622,0.0197926,98.2015,0.229344
0,0,1,0,0,1,0,0,0,1,0,6.38,0.562,0.13063,0.0935257,92.491,0.62074
0,0,1,0,0,0,0,1,0,1,0,5.72,0.896,0.63997,2.47064,69.1901,3.24955
0,1,0,0,0,0,1,0,0,0,1,7.4,0.805,0.361736,2.47656,89.6659,3.13344
1,0,0,0,0,1,0,0,1,0,0,5.97,0.624,0.132421,0.0381981,93.8009,0.320826
1,0,0,0,0,0,0,1,1,0,0,5.21,0.584,0.426407,0.453993,86.7041,0.884922
0,1,0,0,0,0,1,0,0,0,1,4.32,0.718,0.666978,6.336,84.5261,5.37289
1,0,0,0,0,0,1,0,0,1,0,6.16,0.627,0.362371,0.276174,86.2765,0.778679
0,1,0,0,0,0,1,0,0,1,0,5.99,0.618,0.587897,4.57133,85.2544,4.31806
0,0,0,0,1,0,0,1,1,0,0,4.46,0.583,0.383758,0.920244,92.002,1.36402
0,0,0,0,1,0,1,0,0,0,1,5.1,0.88,0.308372,0.606238,92.9819,1.4183
1,0,0,0,0,0,0,1,1,0,0,4.45,0.717,0.420983,0.419794,83.7164,0.980722
0,1,0,0,0,0,1,0,1,0,0,6.06,0.773,0.542743,5.37367,86.7528,4.57367
0,0,1,0,0,0,0,1,0,0,1,4.35,0.844,0.701004,0.790673,69.607,3.55191
1,0,0,0,0,0,1,0,1,0,0,7.34,0.823,0.221172,0.037043,87.2361,0.55219
0,0,1,0,0,0,1,0,0,0,1,4.72,0.628,0.825926,3.00176,73.5671,3.57576
0,0,0,0,1,0,1,0,0,0,1,8.24,0.512,0.160167,0.159476,94.9451,0.52677
1,0,0,0,0,0,0,1,1,0,0,6.63,0.623,0.317049,0.218009,87.9697,0.679622
0,1,0,0,0,1,0,0,0,0,1,5.4,0.679,0.127681,0.0711987,94.6909,1.11784
0,1,0,0,0,0,0,1,0,1,0,7.44,0.82,0.341144,2.23021,89.7451,2.99204
0,0,0,1,0,0,0,1,1,0,0,5.69,0.806,0.12833,0.104153,97.1786,0.557955
1,0,0,0,0,0,0,1,1,0,0,4.46,0.666,0.437818,0.0111616,84.5265,0.978461
0,0,1,0,0,0,1,0,0,1,0,4.39,0.625,0.8596,3.45931,71.9219,3.7161
0,0,1,0,0,0,1,0,0,1,0,5.33,0.828,0.699895,0.253526,68.4145,3.49975
0,0,0,1,0,0,1,0,1,0,0,7.25,0.899,0.0806493,0.0407761,97.766,0.377149
0,0,1,0,0,1,0,0,1,0,0,8.34,0.895,0.128393,0.0918258,89.0604,0.722078
0,1,0,0,0,1,0,0,0,0,1,7.12,0.849,0.131508,0.335179,95.0811,1.29376
0,0,0,0,1,0,0,1,0,1,0,7.1,0.534,0.238726,0.356106,93.9196,0.806903
0,1,0,0,0,0,1,0,0,0,1,8.03,0.543,0.360982,2.36453,90.1159,2.44152
0,0,0,1,0,0,0,1,1,0,0,8.44,0.843,0.0431782,0.0116181,98.2517,0.193524
1,0,0,0,0,0,1,0,0,0,1,8.39,0.586,0.168432,0.0665829,92.262,0.348067
0,0,0,0,1,0,0,1,1,0,0,5.5,0.766,0.288191,0.520191,92.8632,1.20608
0,0,0,0,1,0,1,0,0,0,1,4.6,0.784,0.334539,0.710758,92.2442,1.42306
0,0,0,0,1,0,1,0,1,0,0,7.81,0.692,0.161467,0.105859,94.8379,0.629508
0,0,0,1,0,1,0,0,0,0,1,4.5,0.783,0.104804,0.0699926,97.7868,0.514012
0,0,0,0,1,0,0,1,0,1,0,6.08,0.793,0.257881,0.418314,93.1109,1.10353
1,0,0,0,0,1,0,0,0,1,0,5.61,0.707,0.131375,0.0369047,92.617,0.340486
0,0,0,0,1,0,1,0,0,1,0,5.23,0.685,0.319728,0.353962,91.7692,1.2411
0,0,0,1,0,0,0,1,1,0,0,7.55,0.522,0.0954855,0.0570425,96.9735,0.321956
0,0,0,0,1,0,0,1,0,0,1,4.63,0.695,0.333938,0.513697,91.9804,1.31287
0,0,0,1,0,0,1,0,0,0,1,4.85,0.816,0.150161,0.143356,96.8911,0.658992
0,1,0,0,0,0,0,1,0,1,0,5.08,0.614,0.642458,5.83809,84.5476,4.69594
0,1,0,0,0,0,0,1,0,1,0,4.92,0.898,0.595768,6.82631,86.71,5.57215
0,0,0,1,0,0,1,0,0,0,1,6.43,0.686,0.118782,0.0718551,97.3533,0.462863
0,0,1,0,0,0,1,0,0,1,0,5.83,0.786,0.674279,2.13853,69.9089,3.28845
0,0,0,1,0,0,1,0,1,0,0,5.03,0.54,0.184154,0.215337,96.1115,0.634409
1,0,0,0,0,1,0,0,1,0,0,7.53,0.828,0.116506,0.00536143,92.0957,0.319624
1,0,0,0,0,0,0,1,1,0,0,7.27,0.502,0.300708,0.0138795,90.7724,0.568797
0,1,0,0,0,0,0,1,0,0,1,7.9,0.644,0.329394,0.748074,89.7823,2.47461
0,0,1,0,0,1,0,0,0,0,1,5.34,0.877,0.127529,0.080964,89.3372,0.740602
0,0,1,0,0,0,1,0,1,0,0,4.0,0.776,0.777133,3.35939,69.5653,3.79442
0,0,0,1,0,1,0,0,0,0,1,6.12,0.736,0.0839552,0.0443329,97.9896,0.384019
1,0,0,0,0,0,0,1,1,0,0,6.1,0.697,0.337467,0.213102,85.9938,0.770692
1,0,0,0,0,0,0,1,1,0,0,6.11,0.883,0.304338,0.212466,84.1924,0.77243
0,0,0,0,1,1,0,0,1,0,0,6.48,0.876,0.123303,0.0962931,96.3805,0.609877
0,1,0,0,0,1,0,0,0,1,0,6.74,0.685,0.131055,0.104057,94.3838,1.14022
0,0,1,0,0,0,1,0,0,1,0,7.9,0.654,0.42549,0.270194,79.5636,1.86495
1,0,0,0,0,1,0,0,0,0,1,8.05,0.799,0.0945507,0.0169351,93.2275,0.254236
0,0,0,0,1,0,1,0,0,1,0,6.92,0.528,0.263017,0.433127,93.4895,0.877097
0,1,0,0,0,0,0,1,0,1,0,6.7,0.63,0.489689,2.57521,86.6465,3.6535
0,0,0,0,1,0,1,0,0,0,1,6.15,0.662,0.279483,0.0772782,92.7624,1.06043
0,0,0,1,0,0,1,0,0,1,0,7.52,0.743,0.0814687,0.0414356,97.7483,0.333838
0,0,0,0,1,0,0,1,0,0,1,8.35,0.7,0.114384,0.061689,95.8161,0.450008
0,0,0,0,1,0,1,0,1,0,0,8.23,0.682,0.129673,0.0466278,95.4843,0.500715
0,1,0,0,0,0,1,0,0,1,0,7.92,0.705,0.319489,1.11142,89.375,2.52887
1,0,0,0,0,0,1,0,1,0,0,6.37,0.713,0.329862,0.241897,85.8108,0.761425
0,0,0,0,1,0,1,0,0,1,0,7.71,0.572,0.194946,0.232978,94.2149,0.682286
0,0,0,0,1,1,0,0,0,1,0,5.75,0.715,0.130336,0.0952793,95.7791,0.571737
1,0,0,0,0,0,1,0,0,1,0,7.31,0.804,0.227576,0.0919377,86.6723,0.561566
0,1,0,0,0,0,1,0,0,1,0,4.54,0.824,0.637273,7.98549,85.3039,5.61932
0,1,0,0,0,0,0,1,0,1,0,6.09,0.542,0.589846,6.45336,86.6749,4.00671
0,0,1,0,0,0,1,0,0,0,1,7.54,0.756,0.448695,1.11069,77.3072,2.13594
0,1,0,0,0,0,0,1,0,1,0,6.8,0.843,0.416353,3.3642,88.6783,3.72019
0,0,0,0,1,0,0,1,0,1,0,4.58,0.897,0.324872,0.675555,92.6683,1.51761
1,0,0,0,0,1,0,0,0,0,1,7.01,0.848,0.127798,0.0173857,91.5527,0.353969
0,0,0,0,1,0,0,1,0,0,1,7.84,0.729,0.149662,0.130492,95.086,0.605094
0,0,1,0,0,0,0,1,1,0,0,6.79,0.886,0.504615,1.36609,73.9027,2.55314
1,0,0,0,0,0,1,0,1,0,0,6.89,0.613,0.313684,0.22414,88.2015,0.665095
0,0,0,1,0,0,0,1,0,1,0,7.6,0.504,0.0956678,0.0572625,96.9056,0.316353
0,0,1,0,0,0,0,1,0,1,0,8.05,0.793,0.339428,0.445206,78.7594,1.65604
0,1,0,0,0,1,0,0,0,0,1,5.57,0.73,0.128143,0.253718,94.7882,1.16747
0,0,0,0,1,0,1,0,0,0,1,5.69,0.872,0.27354,0.475079,93.3816,1.24961
0,0,1,0,0,1,0,0,0,0,1,7.8,0.803,0.132992,0.0543977,89.309,0.732428
0,0,1,0,0,1,0,0,0,1,0,5.6,0.882,0.128316,0.0870061,88.775,0.744603
0,0,1,0,0,1,0,0,0,1,0,7.62,0.507,0.132896,0.0145293,93.0553,0.588766
1,0,0,0,0,0,0,1,0,1,0,4.01,0.624,0.484606,0.536113,84.0209,1.04696
0,1,0,0,0,1,0,0,1,0,0,7.62,0.745,0.132349,0.287465,94.7444,1.19973
0,1,0,0,0,1,0,0,1,0,0,6.78,0.657,0.131195,0.0548202,94.6626,1.11207
0,0,0,0,1,0,1,0,1,0,0,7.48,0.715,0.182639,0.183951,94.449,0.727748
0,0,0,0,1,0,0,1,1,0,0,5.49,0.684,0.29683,0.290791,92.4914,1.15268
0,0,1,0,0,0,0,1,0,1,0,6.29,0.798,0.598454,1.33783,71.3207,2.93527
0,0,1,0,0,0,0,1,1,0,0,7.19,0.566,0.558638,1.71585,80.4137,2.26705
0,1,0,0,0,0,1,0,0,1,0,7.79,0.568,0.390679,2.65196,88.9675,2.71686
0,0,1,0,0,0,0,1,0,1,0,5.29,0.652,0.72148,0.979766,73.3154,3.1893
0,1,0,0,0,1,0,0,0,1,0,5.73,0.538,0.1288,0.310481,95.3695,0.99177
0,0,0,1,0,0,0,1,1,0,0,6.71,0.54,0.12288,0.0949188,96.7489,0.422503
0,0,1,0,0,0,0,1,0,0,1,7.68,0.789,0.399484,0.67123,77.9984,1.94728
1,0,0,0,0,0,1,0,0,1,0,7.02,0.7,0.27877,0.14927,86.7845,0.636056
0,0,0,0,1,0,0,1,0,0,1,6.12,0.502,0.318169,0.638147,93.4404,1.04008
0,0,0,0,1,0,0,1,0,1,0,5.36,0.597,0.327129,0.648491,92.2313,1.1744
0,0,0,0,1,0,0,1,1,0,0,6.34,0.708,0.253399,0.341076,93.2433,1.00525
0,0,0,1,0,0,1,0,0,0,1,4.15,0.622,0.189721,0.226614,96.4235,0.70402
1,0,0,0,0,0,0,1,1,0,0,6.17,0.627,0.346674,0.252708,87.2456,0.746303
0,0,1,0,0,0,1,0,0,1,0,4.93,0.891,0.719628,3.06223,67.4056,3.65499
0,0,0,1,0,0,0,1,0,0,1,4.46,0.541,0.201116,0.257705,96.008,0.696277
0,0,0,1,0,0,0,1,0,1,0,6.46,0.703,0.11346,0.0774873,97.3885,0.449305
0,0,0,1,0,0,1,0,0,0,1,7.82,0.521,0.0884962,0.0489424,96.8206,0.297799
0,0,0,0,1,0,1,0,0,1,0,8.18,0.549,0.157513,0.153399,94.8547,0.536652
0,0,1,0,0,0,0,1,0,0,1,5.13,0.547,0.825823,3.35489,76.686,3.31085
0,0,0,1,0,0,1,0,0,1,0,8.37,0.751,0.0504095,0.0158104,98.2011,0.208347
0,1,0,0,0,0,0,1,1,0,0,5.08,0.81,0.580461,6.52574,86.6713,5.06535
0,0,0,1,0,1,0,0,0,0,1,7.68,0.844,0.0455125,0.0129523,98.5098,0.22247
0,0,0,1,0,0,1,0,0,0,1,6.68,0.798,0.105376,0.069806,97.3296,0.453499
0,0,1,0,0,1,0,0,0,0,1,5.63,0.661,0.128604,0.0125186,91.5541,0.664038
0,0,1,0,0,0,0,1,0,1,0,8.01,0.505,0.45871,0.122421,83.2378,1.72643
0,0,0,0,1,0,0,1,1,0,0,6.62,0.765,0.230422,0.329193,93.7196,0.962112
1,0,0,0,0,0,0,1,1,0,0,4.42,0.557,0.499189,0.609209,86.1975,1.01323
0,0,1,0,0,1,0,0,0,1,0,4.89,0.807,0.126026,0.0489265,89.4651,0.727024
0,0,0,1,0,0,0,1,0,0,1,4.32,0.503,0.219721,0.307889,95.7212,0.732145
0,0,1,0,0,1,0,0,1,0,0,5.12,0.67,0.126977,0.00639223,91.6443,0.667604
0,0,0,0,1,0,1,0,0,1,0,8.14,0.669,0.138941,0.0089331,95.0898,0.53034
1,0,0,0,0,0,1,0,0,0,1,6.22,0.687,0.346054,0.169376,85.968,0.782729
0,0,0,0,1,0,1,0,1,0,0,4.74,0.644,0.352803,0.502683,91.9858,1.36167
0,0,0,1,0,0,1,0,0,0,1,4.71,0.696,0.160936,0.153017,96.8579,0.635381
0,0,0,1,0,0,1,0,0,0,1,4.1,0.736,0.169742,0.183865,96.7545,0.696824
0,0,0,0,1,0,1,0,0,0,1,6.0,0.636,0.291873,0.399429,92.7873,1.09654
0,0,0,1,0,0,0,1,0,1,0,8.2,0.853,0.0508505,0.0161318,98.1525,0.229641
0,0,0,1,0,0,0,1,0,0,1,7.21,0.576,0.10161,0.0646721,97.1261,0.364545
0,0,0,1,0,0,0,1,1,0,0,4.9,0.725,0.149985,0.142336,97.005,0.608776
1,0,0,0,0,0,0,1,0,0,1,5.52,0.807,0.360217,0.225909,83.3913,0.895212
0,0,0,0,1,0,0,1,0,0,1,7.86,0.571,0.176736,0.191439,94.6978,0.617697
0,0,1,0,0,1,0,0,1,0,0,7.96,0.752,0.133234,0.0970717,89.9803,0.71216
0,0,0,0,1,1,0,0,0,1,0,5.13,0.868,0.128124,0.104484,96.2013,0.639346
0,0,0,0,1,0,0,1,1,0,0,4.73,0.602,0.360086,0.782401,92.0943,1.30143
0,0,0,0,1,0,0,1,1,0,0,4.34,0.799,0.330828,0.69769,92.4256,1.42782
0,0,0,0,1,0,0,1,0,0,1,4.87,0.859,0.313444,0.625643,92.8751,1.41989
0,1,0,0,0,0,0,1,1,0,0,6.42,0.656,0.508698,0.92386,86.6948,3.85454
0,0,0,1,0,0,0,1,1,0,0,6.96,0.875,0.0905448,0.0514637,97.6347,0.415755
0,0,1,0,0,1,0,0,0,0,1,4.64,0.512,0.125267,0.0246697,93.7533,0.589691
0,0,0,1,0,1,0,0,0,0,1,6.49,0.809,0.0727533,0.033311,98.1336,0.350439
0,0,0,0,1,0,0,1,0,0,1,7.83,0.687,0.157136,0.0863486,94.9225,0.610674
0,0,1,0,0,0,0,1,0,1,0,4.68,0.622,0.803404,3.12937,73.019,3.46939
0,1,0,0,0,0,1,0,0,1,0,7.04,0.852,0.393935,3.00912,89.0592,3.54159
0,0,0,1,0,0,0,1,0,1,0,6.31,0.833,0.112415,0.0795906,97.312,0.498865
0,1,0,0,0,1,0,0,1,0,0,5.81,0.675,0.12889,0.0490835,94.7147,1.12044
0,0,0,1,0,0,0,1,1,0,0,6.99,0.769,0.0954943,0.0572157,97.5772,0.401252
0,1,0,0,0,0,1,0,0,1,0,4.67,0.738,0.640771,6.75887,84.3077,5.24921
1,0,0,0,0,0,1,0,1,0,0,7.42,0.527,0.292546,0.144195,90.4586,0.57013
0,1,0,0,0,0,0,1,1,0,0,5.63,0.592,0.606117,6.02208,86.1498,4.31685
0,0,0,1,0,0,1,0,1,0,0,6.98,0.71,0.101386,0.0628559,97.5791,0.403226
0,0,1,0,0,0,1,0,1,0,0,7.52,0.64,0.501105,0.747475,79.2019,2.17212
1,0,0,0,0,0,1,0,0,0,1,4.15,0.889,0.442905,0.48253,80.5109,1.12802
0,0,0,0,1,0,1,0,1,0,0,6.63,0.526,0.282412,0.500466,93.6204,0.968361
0,0,1,0,0,0,1,0,0,1,0,8.23,0.53,0.416414,0.549305,83.4184,1.61433
1,0,0,0,0,0,1,0,0,1,0,7.47,0.584,0.270045,0.173723,89.3106,0.556967
0,1,0,0,0,0,1,0,1,0,0,6.62,0.581,0.542471,4.98431,87.1446,3.82665
0,1,0,0,0,1,0,0,0,1,0,5.01,0.838,0.126172,0.312926,95.0874,1.26144
0,1,0,0,0,1,0,0,1,0,0,7.59,0.566,0.132747,0.308335,95.1918,1.02833
0,0,0,0,1,0,0,1,0,1,0,8.49,0.734,0.0996504,0.0583658,96.0113,0.404671
0,0,0,1,0,0,1,0,1,0,0,4.6,0.659,0.169124,0.0843643,96.765,0.646233
0,0,1,0,0,0,1,0,0,0,1,5.71,0.556,0.779495,3.23033,76.9372,3.13874
0,0,1,0,0,0,1,0,0,1,0,6.95,0.701,0.570443,1.18059,74.6585,2.6045
1,0,0,0,0,1,0,0,0,0,1,4.25,0.84,0.126953,0.00927929,91.9282,0.365812
0,0,0,1,0,0,1,0,0,0,1,7.39,0.857,0.0786814,0.0387737,97.648,0.355907
0,0,1,0,0,0,0,1,1,0,0,7.56,0.505,0.534633,0.169359,82.692,2.01544
0,1,0,0,0,0,0,1,1,0,0,6.7,0.792,0.445916,3.72302,88.3753,3.82215
0,0,0,0,1,0,0,1,0,1,0,6.09,0.742,0.262842,0.41997,92.8843,1.07571
0,1,0,0,0,1,0,0,0,0,1,8.15,0.782,0.126515,0.292261,94.9353,1.17523
0,1,0,0,0,0,0,1,1,0,0,4.4,0.823,0.612913,7.39522,86.4138,5.41607
0,0,0,1,0,0,0,1,1,0,0,5.74,0.677,0.134251,0.0644217,97.1906,0.5202
1,0,0,0,0,0,0,1,0,0,1,7.81,0.56,0.234256,0.125856,91.0986,0.47301
0,0,1,0,0,0,0,1,0,0,1,6.53,0.532,0.658554,1.54686,79.7415,2.58159
0,0,0,1,0,1,0,0,0,0,1,6.93,0.788,0.064387,0.0260224,98.2399,0.303734
0,0,0,0,1,0,1,0,0,1,0,7.74,0.649,0.175019,0.0965484,94.5115,0.674794
0,0,0,0,1,0,0,1,0,0,1,5.23,0.574,0.343555,0.737917,92.5109,1.20998
0,0,0,0,1,0,0,1,1,0,0,4.76,0.886,0.316969,0.642275,92.9853,1.46723
1,0,0,0,0,0,1,0,1,0,0,7.22,0.634,0.279322,0.147932,88.5578,0.603025
1,0,0,0,0,1,0,0,1,0,0,5.77,0.69,0.131785,0.0276347,93.0843,0.33627
0,0,0,0,1,0,0,1,0,1,0,7.19,0.87,0.174652,0.192367,94.7542,0.796709
0,1,0,0,0,0,0,1,1,0,0,5.88,0.639,0.560346,2.77334,86.2058,4.23045
0,0,0,1,0,1,0,0,1,0,0,6.39,0.815,0.0744955,0.0349456,98.1501,0.361062
0,1,0,0,0,0,0,1,0,1,0,5.19,0.634,0.6208,3.9762,84.6087,4.66128
0,1,0,0,0,0,1,0,0,0,1,7.12,0.816,0.39394,2.9713,89.2294,3.44352
0,0,1,0,0,0,1,0,0,0,1,4.59,0.656,0.815176,0.94868,72.7315,3.61779
0,0,1,0,0,0,0,1,0,0,1,6.74,0.651,0.581386,0.642272,77.1793,2.55575
1,0,0,0,0,0,0,1,1,0,0,5.85,0.546,0.398036,0.355764,88.1236,0.795157
0,0,0,0,1,0,0,1,1,0,0,5.22,0.541,0.359074,0.815941,92.6449,1.21691
0,0,0,1,0,0,1,0,1,0,0,5.1,0.531,0.184339,0.21563,96.0707,0.629145
0,0,0,0,1,0,0,1,0,0,1,5.39,0.546,0.346131,0.756616,92.7255,1.187
0,1,0,0,0,1,0,0,1,0,0,8.28,0.551,0.132413,0.313951,95.2998,1.0058
0,0,0,0,1,0,0,1,0,1,0,7.35,0.826,0.170314,0.181769,94.6603,0.7494
0,0,0,0,1,1,0,0,1,0,0,4.52,0.767,0.127163,0.102256,96.1723,0.592271
0,0,0,1,0,0,0,1,0,1,0,5.56,0.75,0.133154,0.112157,97.1132,0.551554
0,0,1,0,0,0,1,0,0,0,1,6.17,0.581,0.709315,2.95582,77.1228,2.9238
0,1,0,0,0,0,0,1,0,0,1,7.76,0.828,0.298852,1.71621,90.9588,2.64062
0,0,0,0,1,0,1,0,0,0,1,5.53,0.548,0.345482,0.752626,92.5951,1.18559
0,0,0,1,0,0,0,1,0,0,1,4.73,0.576,0.181903,0.210424,96.3325,0.652729
0,0,1,0,0,0,1,0,1,0,0,5.71,0.655,0.719234,0.773474,74.4028,3.17391
0,0,1,0,0,1,0,0,0,0,1,6.94,0.847,0.131567,0.0319799,89.0828,0.743507
0,0,1,0,0,1,0,0,0,1,0,5.58,0.69,0.128421,0.0455439,90.8047,0.679816
0,0,0,0,1,0,1,0,0,0,1,4.51,0.815,0.336872,0.723223,92.3324,1.47126
0,0,1,0,0,0,0,1,0,1,0,7.75,0.62,0.450735,0.91978,79.9913,1.92173
0,0,1,0,0,0,1,0,1,0,0,6.4,0.75,0.62914,2.26424,73.1978,2.98821
0,1,0,0,0,1,0,0,1,0,0,8.24,0.744,0.124998,0.25344,94.9007,1.12772
0,1,0,0,0,0,1,0,0,0,1,7.01,0.743,0.433865,3.07952,88.0955,3.56089
0,0,1,0,0,1,0,0,0,0,1,4.85,0.837,0.125874,0.0106125,89.6612,0.73288
0,0,1,0,0,1,0,0,0,1,0,5.25,0.788,0.127301,0.0757081,89.5584,0.721648
0,0,0,0,1,0,0,1,1,0,0,5.53,0.846,0.2818,0.503449,93.2332,1.26157
0,1,0,0,0,0,0,1,0,1,0,7.69,0.671,0.352022,0.185963,88.6777,2.70188
0,0,0,1,0,0,0,1,0,1,0,6.71,0.847,0.0997221,0.0625087,97.47,0.447455
0,1,0,0,0,0,1,0,0,0,1,4.43,0.797,0.643491,7.9793,85.6302,5.55517
0,0,1,0,0,0,1,0,0,1,0,8.08,0.707,0.374748,0.55065,79.5478,1.71561
0,0,1,0,0,1,0,0,0,1,0,6.55,0.744,0.130846,0.0972735,89.8039,0.707565
0,1,0,0,0,0,1,0,0,1,0,8.21,0.702,0.278667,0.789223,90.2029,2.19921
0,0,1,0,0,1,0,0,0,0,1,7.0,0.89,0.131635,0.0962636,88.9248,0.748115
0,0,1,0,0,0,1,0,1,0,0,4.82,0.765,0.741784,3.19117,70.5155,3.58012
1,0,0,0,0,0,1,0,0,1,0,5.86,0.78,0.353034,0.288847,83.2615,0.85849
0,0,1,0,0,1,0,0,0,0,1,6.68,0.574,0.131291,0.099094,92.5464,0.624574
0,1,0,0,0,1,0,0,1,0,0,5.66,0.568,0.128587,0.295053,95.3298,1.01791
0,0,0,0,1,1,0,0,1,0,0,4.92,0.789,0.128186,0.104189,96.1788,0.60339
0,0,1,0,0,0,0,1,0,1,0,6.33,0.637,0.628046,1.34128,75.5909,2.7302
0,0,1,0,0,0,0,1,1,0,0,8.09,0.608,0.390267,0.777477,82.7726,1.64482
1,0,0,0,0,0,0,1,0,0,1,5.47,0.696,0.373461,0.260229,85.2301,0.853501
0,0,1,0,0,0,0,1,1,0,0,4.56,0.804,0.705428,1.71367,70.2747,3.50592
0,0,0,1,0,0,0,1,1,0,0,4.49,0.674,0.16695,0.0797084,96.8132,0.647633
0,0,0,0,1,1,0,0,0,0,1,5.71,0.871,0.128744,0.105226,96.2758,0.638624
1,0,0,0,0,0,1,0,0,1,0,7.31,0.63,0.271559,0.147023,88.3251,0.583989
0,0,1,0,0,0,1,0,0,0,1,7.16,0.508,0.626104,0.374629,80.9391,2.36727
0,0,0,0,1,0,1,0,1,0,0,7.79,0.801,0.146245,0.133234,95.1158,0.62963
0,0,0,0,1,0,0,1,1,0,0,7.91,0.825,0.132022,0.108895,95.505,0.580798
0,0,1,0,0,0,0,1,0,1,0,7.15,0.614,0.545921,1.47703,78.0354,2.31906
0,0,0,1,0,1,0,0,1,0,0,6.89,0.878,0.0617418,0.0239325,98.3159,0.311923
0,0,0,0,1,0,1,0,0,0,1,5.05,0.71,0.323673,0.574196,92.1587,1.28758
0,0,0,0,1,1,0,0,0,1,0,6.75,0.678,0.127925,0.0366264,95.7223,0.538369
0,0,0,0,1,0,0,1,0,0,1,4.82,0.845,0.314521,0.629713,92.7977,1.40891
0,1,0,0,0,0,0,1,0,1,0,4.27,0.772,0.625408,7.27917,84.946,5.29367
0,0,1,0,0,1,0,0,0,1,0,5.95,0.812,0.12935,0.040116,89.086,0.733667
1,0,0,0,0,0,1,0,1,0,0,4.93,0.529,0.491694,0.454742,86.9659,0.963694
0,0,1,0,0,0,1,0,0,1,0,6.25,0.524,0.736187,1.52818,77.6638,2.85181
0,1,0,0,0,0,0,1,0,0,1,7.49,0.589,0.414634,2.77967,88.8643,2.95133
1,0,0,0,0,0,1,0,0,0,1,6.03,0.671,0.360709,0.0452823,85.972,0.805548
0,1,0,0,0,0,0,1,0,1,0,4.26,0.827,0.616857,7.51597,85.6834,5.46904
0,0,1,0,0,0,1,0,0,1,0,6.45,0.571,0.683063,2.67295,76.8285,2.78415
0,1,0,0,0,0,1,0,1,0,0,5.79,0.785,0.564476,5.95338,86.5622,4.80743
0,0,0,1,0,0,1,0,1,0,0,5.79,0.647,0.139532,0.100743,97.1267,0.539335
0,1,0,0,0,1,0,0,1,0,0,6.69,0.516,0.131159,0.323404,95.6515,0.975174
0,0,1,0,0,0,0,1,1,0,0,7.78,0.633,0.439147,0.689375,80.8895,1.89424
0,0,0,0,1,0,1,0,0,0,1,6.64,0.681,0.2492,0.170724,93.2442,0.962425
0,0,1,0,0,0,1,0,1,0,0,4.53,0.704,0.788395,2.64679,71.5792,3.63912
0,1,0,0,0,0,0,1,0,0,1,7.24,0.539,0.464107,3.95709,88.9543,3.17309
1,0,0,0,0,0,0,1,0,0,1,5.26,0.61,0.411103,0.404572,86.3857,0.873539
0,0,0,1,0,1,0,0,0,1,0,7.17,0.831,0.0572172,0.020528,98.3704,0.278201
1,0,0,0,0,0,1,0,0,1,0,4.1,0.582,0.515774,0.683059,84.5592,1.07016
0,1,0,0,0,1,0,0,1,0,0,7.97,0.659,0.132632,0.0418475,94.5982,1.11621
0,0,0,0,1,1,0,0,0,1,0,6.51,0.885,0.122651,0.095455,96.2836,0.610889
1,0,0,0,0,0,1,0,0,1,0,5.92,0.579,0.392423,0.380245,86.8243,0.807692
0,0,0,1,0,0,0,1,0,0,1,4.65,0.865,0.151385,0.145839,96.9367,0.692839
0,1,0,0,0,0,0,1,0,0,1,5.46,0.817,0.557107,6.02146,86.9751,4.88659
0,0,0,1,0,0,1,0,1,0,0,7.25,0.886,0.0813934,0.0415262,97.7268,0.376774
0,0,0,0,1,0,1,0,0,1,0,6.85,0.635,0.244614,0.281321,93.2535,0.919234
1,0,0,0,0,1,0,0,0,0,1,6.24,0.779,0.132143,0.0403954,92.0291,0.356356
1,0,0,0,0,0,0,1,0,1,0,7.95,0.74,0.177899,0.0739077,89.3548,0.419218
0,1,0,0,0,1,0,0,0,0,1,8.11,0.726,0.129442,0.240887,94.6713,1.15
1,0,0,0,0,0,1,0,0,0,1,7.61,0.65,0.235614,0.0640287,89.371,0.515769
0,1,0,0,0,1,0,0,1,0,0,4.08,0.775,0.122319,0.280862,95.2289,1.1847
1,0,0,0,0,0,0,1,0,1,0,8.19,0.749,0.154026,0.0555674,90.1295,0.365398
1,0,0,0,0,1,0,0,0,0,1,4.97,0.544,0.13031,0.0382922,94.8187,0.301808
0,0,0,1,0,0,1,0,0,0,1,4.12,0.664,0.181024,0.0396004,96.6199,0.695425
0,0,0,0,1,1,0,0,0,0,1,8.33,0.788,0.0640648,0.0253992,97.3645,0.292954
0,0,1,0,0,1,0,0,0,0,1,7.98,0.805,0.133098,0.0507945,89.2718,0.732505
1,0,0,0,0,0,0,1,1,0,0,6.73,0.662,0.302866,0.0335543,87.5023,0.671203
0,0,0,0,1,0,0,1,0,1,0,7.05,0.868,0.18413,0.213864,94.5834,0.838628
0,0,1,0,0,0,1,0,0,1,0,4.78,0.683,0.780814,1.25387,71.079,3.53915
0,1,0,0,0,1,0,0,0,0,1,6.03,0.509,0.129626,0.319158,95.6886,0.962461
0,0,1,0,0,0,1,0,0,1,0,7.3,0.638,0.542297,0.938571,77.2575,2.34677
0,0,1,0,0,1,0,0,0,1,0,7.17,0.659,0.132171,0.0167512,90.923,0.669138
0,0,0,1,0,0,0,1,0,0,1,5.78,0.651,0.135846,0.0853875,97.1522,0.52559
0,0,1,0,0,0,0,1,0,0,1,4.03,0.68,0.798276,1.12129,72.301,3.6344
0,0,0,0,1,0,0,1,1,0,0,5.11,0.589,0.344293,0.730123,92.4611,1.24059
0,0,0,0,1,0,0,1,0,0,1,8.37,0.526,0.139536,0.120816,95.3617,0.465523
0,0,1,0,0,0,0,1,0,1,0,6.85,0.548,0.609234,1.75445,79.0418,2.42859
1,0,0,0,0,0,1,0,0,0,1,7.49,0.757,0.221407,0.116612,88.142,0.528427
0,0,1,0,0,0,0,1,0,0,1,6.01,0.727,0.631323,2.14108,73.8425,2.95816
0,0,1,0,0,0,0,1,0,1,0,4.2,0.818,0.712417,0.959991,68.4334,3.57382
0,0,0,0,1,0,1,0,1,0,0,7.76,0.77,0.152837,0.144014,94.9847,0.640465
0,0,1,0,0,0,1,0,1,0,0,4.87,0.767,0.738529,3.12828,70.5186,3.56868
0,1,0,0,0,1,0,0,0,0,1,5.04,0.79,0.126361,0.302801,95.0628,1.21521
0,0,0,0,1,0,1,0,0,1,0,6.24,0.888,0.235813,0.353319,93.8051,1.09047
0,0,0,0,1,0,1,0,1,0,0,6.0,0.727,0.278832,0.457226,92.8596,1.12461
0,0,0,1,0,0,1,0,1,0,0,8.46,0.6,0.0552029,0.0188709,97.8828,0.199071
0,0,1,0,0,1,0,0,0,0,1,6.6,0.9,0.130816,0.10359,88.9814,0.747282
1,0,0,0,0,1,0,0,0,1,0,4.6,0.871,0.128071,0.0353132,91.3682,0.367946
0,0,1,0,0,0,0,1,0,1,0,7.92,0.678,0.394873,0.19047,79.7772,1.76906
0,0,1,0,0,0,1,0,0,0,1,7.38,0.531,0.582109,1.141,80.9456,2.2601
1,0,0,0,0,0,1,0,1,0,0,7.51,0.612,0.256669,0.149137,89.5303,0.54329
0,0,1,0,0,0,1,0,1,0,0,5.47,0.854,0.695936,1.34407,69.5652,3.50945
0,0,0,0,1,1,0,0,0,0,1,6.14,0.879,0.126717,0.101884,96.3119,0.629698
0,0,1,0,0,0,0,1,0,1,0,6.46,0.654,0.60937,0.584456,75.3939,2.68691
0,0,0,0,1,0,0,1,0,0,1,5.56,0.693,0.292415,0.370929,92.5914,1.14555
1,0,0,0,0,0,1,0,0,0,1,7.5,0.579,0.268453,0.172301,89.9244,0.551454
0,1,0,0,0,0,1,0,1,0,0,5.85,0.652,0.587291,1.72005,85.5361,4.43289
0,0,0,1,0,0,0,1,0,0,1,6.58,0.665,0.112731,0.00866025,97.4216,0.431369
0,1,0,0,0,0,1,0,0,1,0,5.82,0.641,0.593392,2.92606,84.9229,4.48772
1,0,0,0,0,0,0,1,0,1,0,6.18,0.631,0.345111,0.241168,86.6162,0.745338
1,0,0,0,0,0,1,0,1,0,0,7.87,0.592,0.224427,0.118718,90.6958,0.466305
0,1,0,0,0,1,0,0,0,0,1,7.02,0.821,0.131404,0.33192,94.9893,1.26728
0,0,0,0,1,1,0,0,0,0,1,6.07,0.772,0.129767,0.105252,96.0427,0.594062
0,1,0,0,0,0,0,1,0,1,0,7.51,0.558,0.423568,3.19746,88.6855,2.92156
1,0,0,0,0,1,0,0,0,1,0,4.17,0.738,0.126987,0.0409038,92.6222,0.346013
0,1,0,0,0,0,1,0,1,0,0,6.06,0.809,0.531059,5.40846,87.233,4.61251
1,0,0,0,0,0,0,1,1,0,0,5.09,0.768,0.38364,0.361499,83.487,0.927953
0,0,0,0,1,0,0,1,0,0,1,7.59,0.563,0.199488,0.245586,94.3707,0.691483
0,0,0,1,0,0,0,1,1,0,0,4.38,0.761,0.158112,0.15942,96.9073,0.663991
0,0,1,0,0,0,0,1,1,0,0,5.73,0.756,0.64751,2.4335,72.7147,3.10222
0,0,1,0,0,1,0,0,0,0,1,5.61,0.787,0.128436,0.077144,89.8992,0.720524
0,1,0,0,0,0,1,0,1,0,0,6.32,0.749,0.522833,4.63459,86.8373,4.31383
0,1,0,0,0,0,0,1,0,1,0,4.94,0.772,0.589912,6.41513,85.4278,4.98593
0,1,0,0,0,1,0,0,0,1,0,5.77,0.584,0.128877,0.281634,94.9857,1.03606
0,0,0,1,0,0,1,0,1,0,0,4.77,0.873,0.153009,0.148918,96.9241,0.703054
1,0,0,0,0,1,0,0,0,1,0,5.31,0.609,0.131009,0.0411945,93.828,0.317536
1,0,0,0,0,1,0,0,0,1,0,4.74,0.67,0.129211,0.00475104,93.2352,0.331242
0,0,0,1,0,0,0,1,0,0,1,4.72,0.66,0.163336,0.0703714,96.8114,0.625011
0,1,0,0,0,0,0,1,0,0,1,6.64,0.862,0.430349,3.59494,89.1381,3.90643
0,1,0,0,0,0,0,1,1,0,0,6.02,0.834,0.513977,5.14416,87.7656,4.56284
0,0,0,0,1,1,0,0,0,0,1,5.64,0.885,0.128627,0.105348,96.3055,0.645192
0,0,0,1,0,0,1,0,0,0,1,7.33,0.84,0.0816699,0.0417932,97.5972,0.364199
0,1,0,0,0,0,0,1,0,1,0,7.29,0.571,0.446396,3.45446,88.1104,3.11469
1,0,0,0,0,1,0,0,0,0,1,7.65,0.75,0.116511,0.032084,92.8196,0.303898
0,0,0,0,1,0,1,0,1,0,0,8.32,0.602,0.134558,0.105796,95.42,0.487502
0,1,0,0,0,1,0,0,0,0,1,6.82,0.574,0.131389,0.298434,95.1104,1.03076
0,1,0,0,0,0,0,1,0,0,1,8.42,0.589,0.264721,1.11841,91.3819,1.87934
0,0,0,1,0,0,0,1,0,1,0,7.14,0.556,0.105961,0.0703822,96.9786,0.369253
1,0,0,0,0,0,1,0,0,0,1,5.79,0.78,0.357719,0.297017,83.9108,0.870566
0,0,0,0,1,0,1,0,0,1,0,7.05,0.616,0.234953,0.309455,93.4634,0.861764
1,0,0,0,0,0,1,0,0,1,0,4.97,0.721,0.410875,0.401873,83.0654,0.956884
0,0,0,0,1,0,1,0,1,0,0,4.81,0.531,0.399082,1.01219,92.2982,1.34715
0,0,0,1,0,0,1,0,0,0,1,6.97,0.587,0.111511,0.077926,96.9861,0.397622
0,0,1,0,0,0,0,1,0,0,1,8.15,0.791,0.323651,0.418156,80.3361,1.57796
0,0,1,0,0,0,0,1,1,0,0,7.66,0.587,0.483951,1.32584,81.242,2.00206
0,0,1,0,0,1,0,0,0,1,0,4.13,0.858,0.122726,0.0505633,89.4253,0.733653
0,0,0,0,1,0,0,1,1,0,0,6.86,0.569,0.246271,0.375078,93.7636,0.859132
1,0,0,0,0,0,1,0,0,1,0,8.1,0.853,0.154071,0.0312382,89.0431,0.388144
1,0,0,0,0,0,0,1,0,0,1,8.48,0.722,0.131171,0.0382112,91.7171,0.304972
0,0,1,0,0,0,0,1,1,0,0,5.93,0.569,0.708035,2.88587,77.7086,2.89442
1,0,0,0,0,0,1,0,1,0,0,7.16,0.518,0.318942,0.12683,90.1296,0.615387
1,0,0,0,0,0,0,1,0,0,1,5.07,0.77,0.384513,0.36005,83.481,0.931791
1,0,0,0,0,1,0,0,0,0,1,5.16,0.783,0.130022,0.0393485,92.1749,0.356907
0,1,0,0,0,1,0,0,0,1,0,6.08,0.684,0.129582,0.0986918,94.4415,1.13347
1,0,0,0,0,0,1,0,0,0,1,5.54,0.593,0.412458,0.419101,86.7208,0.86116
1,0,0,0,0,0,0,1,1,0,0,4.28,0.629,0.465003,0.468058,84.9158,1.00787
0,0,0,0,1,0,0,1,0,0,1,7.96,0.73,0.140521,0.115275,95.2642,0.568669
1,0,0,0,0,1,0,0,0,1,0,4.12,0.598,0.127218,0.0410767,94.2272,0.314602
0,0,0,0,1,0,0,1,1,0,0,5.62,0.721,0.286659,0.474756,92.759,1.1521
0,0,0,0,1,1,0,0,1,0,0,4.61,0.518,0.128701,0.105472,96.8182,0.481112
1,0,0,0,0,0,0,1,1,0,0,4.56,0.813,0.405457,0.245061,82.0924,1.01384
0,1,0,0,0,0,0,1,0,0,1,8.3,0.794,0.234772,1.02451,91.9587,2.01771
0,0,0,1,0,0,1,0,0,1,0,7.06,0.666,0.101749,0.00277905,97.5357,0.388654
