Nokta,Pole,Slot,SlotType,MagThk_mm,Embrace,Magnet,AirgapFlux_T,Cogging_Nm,Efficiency_%,Torque_Nm,Durum
1,8,12,3,7.26,0.887,NdFe35,0.170619,0.184267,94.9558,0.788687,OK
2,16,24,1,4.06,0.623,SmCo28,0.725048,6.8469,84.1225,5.355,OK
3,10,12,1,7.74,0.635,SmCo28,0.220748,0.0896852,90.0711,0.477414,OK
4,8,12,1,4.22,0.516,Alnico9,0.127311,0.103512,96.8749,0.479269,OK
5,4,12,2,5.3,0.781,NdFe35,0.141334,0.126583,96.9727,0.6011,OK
6,14,12,2,4.66,0.764,SmCo28,,,,,OKUMA_HATA
7,16,24,1,4.18,0.829,Alnico9,0.122753,0.298125,95.3904,1.2347,OK
8,16,24,2,7.61,0.791,SmCo28,0.326513,1.98144,89.797,2.79517,OK
9,10,12,1,4.79,0.523,SmCo28,0.495008,0.396924,87.1386,0.969077,OK
10,14,12,3,6.56,0.572,Alnico9,,,,,OKUMA_HATA
11,10,12,1,4.66,0.624,NdFe35,0.456426,0.467457,85.1253,0.981305,OK
12,16,24,3,6.4,0.764,SmCo28,0.488588,4.24896,87.4525,4.09193,OK
13,4,12,2,7.71,0.815,Alnico9,0.045728,0.0130752,0.386486,4.37831,OK
14,10,12,2,5.74,0.82,NdFe35,0.354562,0.128256,82.4961,0.885993,OK
15,8,12,3,4.01,0.641,NdFe35,0.389563,0.669359,91.4388,1.48185,OK
16,4,12,1,6.02,0.757,SmCo28,0.121976,0.093841,97.2841,0.508008,OK
17,8,12,2,6.98,0.782,NdFe35,0.206329,0.265273,93.8557,0.873341,OK
18,16,24,2,4.51,0.633,Alnico9,0.124473,0.167074,94.8066,1.06658,OK
19,10,12,1,7.7,0.873,SmCo28,0.17854,0.0653146,88.4846,0.451902,OK
20,4,12,1,5.14,0.603,Alnico9,0.112635,0.0802682,0.449808,5.25555,OK
21,16,24,1,7.14,0.64,NdFe35,0.459482,1.72903,87.6966,3.46202,OK
22,16,24,2,6.51,0.754,NdFe35,0.496582,4.25224,86.5766,4.11334,OK
23,16,24,1,6.28,0.819,NdFe35,0.499937,4.82263,87.7558,4.37804,OK
24,14,12,3,5.83,0.746,Alnico9,,,,,OKUMA_HATA
25,14,12,2,5.37,0.698,NdFe35,,,,,OKUMA_HATA
26,20,24,2,6.95,0.537,NdFe35,0.639075,1.60841,78.8076,2.50806,OK
27,8,12,1,5.65,0.565,NdFe35,0.331088,0.686515,92.6697,1.15485,OK
28,20,24,3,5.02,0.782,SmCo28,0.685512,2.38542,71.1858,3.35414,OK
29,20,24,3,7.86,0.87,Alnico9,0.132931,0.0716037,88.8526,0.747539,OK
30,10,12,2,5.15,0.525,Alnico9,0.130856,0.029124,94.82,0.297828,OK
31,4,12,3,5.92,0.895,SmCo28,0.12049,0.0916945,97.2803,0.562896,OK
32,10,12,1,4.07,0.737,Alnico9,0.126597,0.0407642,92.9661,0.345292,OK
33,16,24,2,7.68,0.646,SmCo28,0.362744,0.840759,88.6051,2.72495,OK
34,10,12,3,6.56,0.552,NdFe35,0.356132,0.287973,88.7327,0.713784,OK
35,4,12,1,4.55,0.826,SmCo28,0.152081,0.147295,96.953,0.674628,OK
36,10,12,1,6.48,0.545,SmCo28,0.349143,0.268154,89.0266,0.695873,OK
37,20,24,3,7.88,0.536,SmCo28,0.468124,0.816575,83.0431,1.83536,OK
38,16,24,3,5.5,0.558,Alnico9,0.128128,0.299897,95.3518,1.00521,OK
39,4,12,3,6.61,0.553,SmCo28,0.124194,0.0969925,96.7296,0.432488,OK
40,8,12,3,7.83,0.732,NdFe35,0.153354,0.138167,94.9732,0.621139,OK
41,4,12,1,7.53,0.848,Alnico9,0.0487769,0.0148892,0.418839,4.32942,OK
42,4,12,3,4.13,0.505,NdFe35,0.227912,0.33182,95.601,0.760088,OK
43,4,12,1,5.25,0.861,Alnico9,0.0914554,0.0530427,0.430733,5.37977,OK
44,20,24,2,6.61,0.753,Alnico9,0.130965,0.0975178,89.6691,0.711947,OK
45,20,24,3,4.48,0.757,NdFe35,0.760261,3.4717,70.3754,3.65502,OK
46,16,24,3,4.15,0.868,NdFe35,0.65551,8.48315,86.2737,5.99842,OK
47,4,12,3,4.94,0.575,SmCo28,0.175461,0.195518,96.3832,0.628825,OK
48,8,12,3,8.12,0.713,NdFe35,0.134052,0.0972856,95.3732,0.533335,OK
49,16,24,1,5.88,0.765,NdFe35,0.56017,5.63016,86.4434,4.68972,OK
50,10,12,3,7.72,0.726,NdFe35,0.206769,0.0978638,89.0296,0.481802,OK
51,4,12,1,6.33,0.881,NdFe35,0.111331,0.0780693,97.3561,0.513103,OK
52,8,12,1,5.28,0.707,Alnico9,0.129591,0.0896226,0.426347,20.037,OK
53,10,12,3,5.94,0.817,Alnico9,0.131529,0.0207817,91.6927,0.364444,OK
54,16,24,2,8.25,0.822,NdFe35,0.248157,1.17656,91.4483,2.17901,OK
55,16,24,3,5.81,0.836,NdFe35,0.550486,5.91363,87.1635,4.89069,OK
56,20,24,2,7.57,0.722,NdFe35,0.45587,1.01873,76.8771,2.11354,OK
57,16,24,3,6.87,0.892,SmCo28,0.393601,2.9574,89.9506,3.65564,OK
58,4,12,3,8.48,0.593,SmCo28,0.0532731,0.0176118,97.8582,0.190972,OK
59,14,12,2,4.08,0.622,NdFe35,,,,,OKUMA_HATA
60,4,12,3,8.49,0.686,NdFe35,0.0489351,0.0118703,98.3583,0.19033,OK
61,20,24,1,4.99,0.643,Alnico9,0.126545,0.0471125,92.0484,0.654823,OK
62,14,12,2,6.32,0.78,NdFe35,,,,,OKUMA_HATA
63,10,12,2,4.21,0.62,Alnico9,0.12752,0.0381069,93.9519,0.319534,OK
64,10,12,2,7.73,0.535,Alnico9,0.130453,0.0329064,94.5303,0.288481,OK
65,14,12,3,7.46,0.763,Alnico9,,,,,OKUMA_HATA
66,4,12,1,6.11,0.57,NdFe35,0.140904,0.125173,96.6404,0.496946,OK
67,8,12,2,6.5,0.604,Alnico9,0.131902,0.102551,0.392777,18.5442,OK
68,10,12,1,8.02,0.812,Alnico9,0.0951961,0.0125766,93.1049,0.258232,OK
69,4,12,1,4.9,0.645,Alnico9,0.111454,0.0675047,0.450799,5.46718,OK
70,4,12,1,5.11,0.716,NdFe35,0.149521,0.140301,96.9997,0.600376,OK
71,14,12,1,5.9,0.598,SmCo28,,,,,OKUMA_HATA
72,16,24,1,6.23,0.81,Alnico9,0.129784,0.322883,95.0746,1.25155,OK
73,20,24,2,6.8,0.898,Alnico9,0.131232,0.102455,88.4495,0.750186,OK
74,10,12,3,5.41,0.597,NdFe35,0.419188,0.433065,86.501,0.87864,OK
75,20,24,3,8.07,0.585,SmCo28,0.404313,0.915474,83.0255,1.66802,OK
76,20,24,2,6.03,0.758,SmCo28,0.624145,2.23425,71.8445,2.99077,OK
77,20,24,3,7.73,0.638,Alnico9,0.13314,0.0556611,91.5041,0.65735,OK
78,8,12,2,8.18,0.55,NdFe35,0.157362,0.15305,94.8615,0.537751,OK
79,20,24,1,6.47,0.536,Alnico9,0.130798,0.0671029,93.1666,0.605504,OK
80,14,12,2,6.58,0.539,Alnico9,,,,,OKUMA_HATA
81,16,24,2,7.93,0.702,NdFe35,0.318908,1.04121,89.3742,2.51719,OK
82,8,12,3,8.16,0.56,NdFe35,0.157024,0.151786,94.8671,0.542194,OK
83,10,12,2,7.08,0.673,NdFe35,0.280996,0.0380391,87.2324,0.627016,OK
84,8,12,1,4.92,0.826,Alnico9,0.127917,0.104049,96.2604,0.619723,OK
85,14,12,1,8.36,0.895,Alnico9,,,,,OKUMA_HATA
86,10,12,1,4.71,0.663,NdFe35,0.437258,0.0600076,84.5432,0.972009,OK
87,8,12,3,6.9,0.677,Alnico9,0.125558,0.0323139,0.460419,16.8998,OK
88,8,12,2,5.12,0.747,NdFe35,0.316955,0.620924,92.0344,1.303,OK
89,14,12,1,6.23,0.8,Alnico9,,,,,OKUMA_HATA
90,16,24,1,4.5,0.567,NdFe35,0.759007,10.5015,84.8156,5.30259,OK
91,10,12,1,4.81,0.697,SmCo28,0.407397,0.321174,84.4359,0.932835,OK
92,20,24,2,5.54,0.783,Alnico9,0.128223,0.0810699,89.531,0.720983,OK
93,14,12,3,5.98,0.85,Alnico9,,,,,OKUMA_HATA
94,10,12,1,7.4,0.855,Alnico9,0.119716,0.0207796,91.8353,0.331131,OK
95,14,12,3,8.43,0.727,NdFe35,,,,,OKUMA_HATA
96,8,12,2,5.07,0.709,SmCo28,0.311293,0.527069,92.0104,1.23819,OK
97,14,12,1,7.01,0.777,SmCo28,,,,,OKUMA_HATA
98,4,12,2,8.0,0.763,SmCo28,0.0620505,0.0240205,98.0282,0.259258,OK
99,14,12,3,7.87,0.852,Alnico9,,,,,OKUMA_HATA
100,4,12,1,5.65,0.506,SmCo28,0.169437,0.181612,96.1862,0.563205,OK
101,16,24,2,7.29,0.683,NdFe35,0.418182,0.935954,87.4359,3.24325,OK
102,8,12,2,6.36,0.547,SmCo28,0.284211,0.506199,93.2309,0.974104,OK
103,8,12,2,7.72,0.879,SmCo28,0.138644,0.121232,95.44,0.637119,OK
104,16,24,3,4.86,0.806,NdFe35,0.622815,7.50356,85.9656,5.41174,OK
105,8,12,3,7.07,0.568,NdFe35,0.24351,0.366364,93.6298,0.848276,OK
106,14,12,1,7.99,0.728,SmCo28,,,,,OKUMA_HATA
107,4,12,3,4.33,0.808,Alnico9,0.104973,0.0702699,97.7915,0.527197,OK
108,20,24,3,5.16,0.83,NdFe35,0.70947,0.13482,69.5547,3.55529,OK
109,4,12,1,8.13,0.755,Alnico9,0.037429,0.00872862,0.421674,3.69612,OK
110,20,24,1,7.41,0.814,SmCo28,0.433799,0.381097,76.5738,2.14577,OK
111,14,12,3,5.02,0.732,Alnico9,,,,,OKUMA_HATA
112,8,12,1,7.48,0.747,NdFe35,0.17688,0.189434,94.5549,0.725983,OK
113,20,24,1,6.88,0.883,NdFe35,0.50727,1.329,73.808,2.5611,OK
114,10,12,2,6.39,0.719,Alnico9,0.132626,0.040046,92.3566,0.343257,OK
115,10,12,3,7.36,0.694,SmCo28,0.243179,0.100405,88.4839,0.553091,OK
116,16,24,1,6.69,0.598,Alnico9,0.131095,0.267953,95.0105,1.05481,OK
117,16,24,1,4.31,0.856,Alnico9,0.123346,0.300956,95.4542,1.26163,OK
118,14,12,2,4.69,0.552,SmCo28,,,,,OKUMA_HATA
119,20,24,2,4.47,0.733,Alnico9,0.124411,0.0902829,90.5704,0.694204,OK
120,8,12,3,8.06,0.874,SmCo28,0.116477,0.0853741,95.9116,0.533699,OK
121,16,24,2,5.73,0.595,NdFe35,0.621788,6.23176,85.0994,4.43829,OK
122,10,12,1,5.45,0.681,SmCo28,0.377291,0.156523,85.4241,0.851473,OK
123,20,24,1,6.92,0.779,Alnico9,0.131591,0.0850424,89.7919,0.72299,OK
124,8,12,2,7.6,0.835,SmCo28,0.152054,0.144812,95.0197,0.674181,OK
125,14,12,3,7.14,0.819,Alnico9,,,,,OKUMA_HATA
126,20,24,1,4.62,0.627,Alnico9,0.125133,0.0703721,92.3791,0.646395,OK
127,10,12,2,4.39,0.874,SmCo28,0.415311,0.382804,80.4197,1.05746,OK
128,20,24,3,6.66,0.529,SmCo28,0.64309,1.35313,80.091,2.51074,OK
129,14,12,2,5.69,0.501,NdFe35,,,,,OKUMA_HATA
130,10,12,3,5.88,0.881,NdFe35,0.327238,0.24443,83.5627,0.82999,OK
131,8,12,3,4.59,0.784,Alnico9,0.127289,0.102908,96.177,0.599708,OK
132,8,12,2,8.31,0.853,SmCo28,0.101437,0.0644033,96.0781,0.456815,OK
133,20,24,1,6.19,0.672,Alnico9,0.130091,0.0103401,91.3563,0.671963,OK
134,14,12,2,5.49,0.777,SmCo28,,,,,OKUMA_HATA
135,16,24,3,5.31,0.578,NdFe35,0.671593,7.86897,85.4845,4.72944,OK
136,20,24,1,4.2,0.5,NdFe35,0.964699,0.00153934,76.6005,3.65393,OK
137,14,12,3,5.5,0.854,NdFe35,,,,,OKUMA_HATA
138,16,24,2,4.78,0.611,NdFe35,0.694732,7.08007,83.861,5.05876,OK
139,14,12,2,4.07,0.63,NdFe35,,,,,OKUMA_HATA
140,10,12,2,6.41,0.83,NdFe35,0.297447,0.0230372,84.0356,0.746068,OK
141,20,24,3,6.28,0.877,Alnico9,0.130119,0.0819673,89.0961,0.744985,OK
142,8,12,3,4.58,0.559,SmCo28,0.389516,0.961279,92.1335,1.34881,OK
143,14,12,2,4.75,0.679,Alnico9,,,,,OKUMA_HATA
144,10,12,2,6.77,0.56,SmCo28,0.322942,0.244192,88.7034,0.652803,OK
145,10,12,2,5.97,0.866,Alnico9,0.13135,0.0338896,91.0639,0.369216,OK
146,10,12,3,5.27,0.769,SmCo28,0.374841,0.342257,83.733,0.907257,OK
147,16,24,1,5.04,0.648,SmCo28,0.626117,2.53102,85.0716,4.73329,OK
148,10,12,2,4.83,0.621,SmCo28,0.434402,0.432475,85.0145,0.932911,OK
149,8,12,3,6.34,0.683,Alnico9,0.130843,0.0527588,0.462418,18.4282,OK
150,20,24,2,5.3,0.587,SmCo28,0.767577,3.52996,74.9136,3.20097,OK
151,20,24,1,7.91,0.549,Alnico9,0.133426,0.0822516,92.7984,0.613309,OK
152,20,24,2,8.48,0.728,NdFe35,0.302255,0.457051,81.3561,1.40561,OK
153,8,12,1,6.9,0.893,Alnico9,0.114847,0.0836457,96.5497,0.573439,OK
154,4,12,3,4.16,0.878,NdFe35,0.165282,0.17434,96.7899,0.764311,OK
155,14,12,2,6.57,0.502,Alnico9,,,,,OKUMA_HATA
156,10,12,3,7.45,0.609,NdFe35,0.263887,0.159973,89.4279,0.557304,OK
157,16,24,3,6.31,0.672,Alnico9,0.130153,0.0320084,94.602,1.12088,OK
158,10,12,2,8.32,0.766,Alnico9,0.0814814,0.0153196,93.8301,0.214376,OK
159,14,12,3,8.26,0.873,Alnico9,,,,,OKUMA_HATA
160,20,24,3,6.4,0.813,SmCo28,0.585437,0.766664,72.6382,2.90352,OK
161,14,12,2,6.76,0.755,Alnico9,,,,,OKUMA_HATA
162,4,12,2,6.94,0.611,NdFe35,0.110039,0.0752646,97.1894,0.401522,OK
163,20,24,1,8.38,0.667,Alnico9,0.132453,0.000466499,91.1512,0.665063,OK
164,8,12,2,6.43,0.84,Alnico9,0.124811,0.098229,96.1555,0.601349,OK
165,4,12,2,6.91,0.646,Alnico9,0.0739675,0.0284762,0.397268,4.91927,OK
166,10,12,1,6.44,0.549,NdFe35,0.366157,0.302356,88.5901,0.73157,OK
167,4,12,2,5.33,0.724,Alnico9,0.0983567,0.0609502,97.8405,0.451659,OK
168,4,12,1,5.48,0.836,SmCo28,0.132921,0.111851,97.1325,0.592741,OK
169,10,12,1,8.29,0.759,NdFe35,0.149477,0.051987,90.5846,0.356893,OK
170,10,12,3,5.58,0.649,SmCo28,0.3773,0.184905,86.1545,0.828967,OK
171,10,12,3,7.82,0.563,Alnico9,0.125509,0.0362127,94.5398,0.283451,OK
172,8,12,3,4.26,0.748,NdFe35,0.348863,0.760346,91.9478,1.43916,OK
173,10,12,2,5.8,0.69,NdFe35,0.371119,0.21897,84.6574,0.841598,OK
174,10,12,2,4.11,0.601,SmCo28,0.491992,0.610071,84.4995,1.04121,OK
175,14,12,3,5.35,0.887,Alnico9,,,,,OKUMA_HATA
176,4,12,3,4.57,0.795,NdFe35,0.156101,0.155204,96.8473,0.673534,OK
177,16,24,2,4.09,0.833,SmCo28,0.623093,7.69857,85.6769,5.55404,OK
178,20,24,3,5.26,0.59,SmCo28,0.769621,3.54104,75.9253,3.22008,OK
179,16,24,3,8.43,0.663,Alnico9,0.121096,0.0156019,94.7962,1.01848,OK
180,16,24,1,7.67,0.689,Alnico9,0.132543,0.123531,94.5837,1.14696,OK
181,10,12,3,4.22,0.784,SmCo28,0.419902,0.418566,82.3805,1.03063,OK
182,8,12,3,6.52,0.515,Alnico9,0.132832,0.110901,0.472331,17.5627,OK
183,8,12,3,8.43,0.854,SmCo28,0.0933533,0.0545304,96.2862,0.421185,OK
184,8,12,3,7.81,0.573,SmCo28,0.180297,0.198987,94.6414,0.631457,OK
185,10,12,1,5.9,0.863,SmCo28,0.325607,0.198028,83.6659,0.825477,OK
186,20,24,1,8.36,0.623,Alnico9,0.133439,0.0755006,91.7371,0.648518,OK
187,8,12,1,6.35,0.684,SmCo28,0.255651,0.210833,93.1491,0.991509,OK
188,20,24,3,5.35,0.759,Alnico9,0.127667,0.0950195,90.3154,0.707542,OK
189,16,24,3,5.8,0.669,NdFe35,0.585584,0.295893,85.4217,4.49257,OK
190,14,12,3,5.96,0.529,SmCo28,,,,,OKUMA_HATA
191,20,24,1,6.3,0.539,Alnico9,0.130412,0.0712193,93.1562,0.607078,OK
192,20,24,2,6.97,0.83,Alnico9,0.131637,0.00373086,88.7041,0.742235,OK
193,4,12,2,8.02,0.647,SmCo28,0.0682978,0.0234475,98.0324,0.264044,OK
194,10,12,2,6.31,0.802,SmCo28,0.307953,0.179536,84.1601,0.761153,OK
195,10,12,2,8.12,0.721,SmCo28,0.165227,0.0607548,90.0654,0.383611,OK
196,20,24,3,8.39,0.665,SmCo28,0.315677,0.0249812,83.2825,1.39884,OK
197,4,12,1,4.18,0.693,Alnico9,0.11398,0.0754894,97.7263,0.52643,OK
198,10,12,1,7.28,0.796,SmCo28,0.227294,0.103487,87.3995,0.558805,OK
199,4,12,1,8.21,0.618,NdFe35,0.0644575,0.0254122,97.898,0.237071,OK
200,20,24,2,5.64,0.553,Alnico9,0.128696,0.0858044,92.7719,0.615333,OK
201,20,24,2,8.2,0.858,Alnico9,0.131485,0.0503179,88.4507,0.737952,OK
202,8,12,2,6.13,0.588,Alnico9,0.131824,0.106115,0.395417,19.6613,OK
203,8,12,3,5.44,0.772,Alnico9,0.129411,0.105242,96.072,0.596465,OK
204,14,12,3,7.22,0.554,SmCo28,,,,,OKUMA_HATA
205,10,12,1,8.24,0.717,NdFe35,0.159747,0.0555589,90.6877,0.369403,OK
206,14,12,3,5.83,0.74,Alnico9,,,,,OKUMA_HATA
207,14,12,1,6.54,0.768,Alnico9,,,,,OKUMA_HATA
208,10,12,3,7.57,0.607,Alnico9,0.128899,0.0382789,93.9712,0.302381,OK
209,14,12,2,5.38,0.699,SmCo28,,,,,OKUMA_HATA
210,20,24,3,6.3,0.775,Alnico9,0.130263,0.0882503,89.8826,0.718364,OK
211,16,24,2,7.69,0.814,NdFe35,0.322094,1.97659,89.9809,2.80849,OK
212,20,24,1,7.03,0.513,Alnico9,0.131908,0.0268279,93.3705,0.591596,OK
213,20,24,1,7.28,0.577,Alnico9,0.13246,0.0999706,92.4947,0.627972,OK
214,20,24,1,6.59,0.533,NdFe35,0.687651,1.72521,79.2081,2.68993,OK
215,10,12,2,8.33,0.89,Alnico9,0.0759704,0.0131633,93.445,0.20954,OK
216,20,24,3,5.13,0.802,SmCo28,0.675544,1.61962,70.8862,3.34562,OK
217,8,12,3,5.57,0.699,Alnico9,0.130181,0.0821814,0.46523,19.5408,OK
218,4,12,3,7.5,0.58,NdFe35,0.0944678,0.0557962,97.1216,0.334781,OK
219,8,12,3,7.21,0.582,SmCo28,0.22182,0.300084,94.0063,0.784473,OK
220,10,12,1,4.19,0.821,Alnico9,0.126787,0.0163159,92.0798,0.363561,OK
221,10,12,3,4.29,0.681,NdFe35,0.454399,0.237439,83.8401,1.0268,OK
222,4,12,2,5.21,0.636,NdFe35,0.156609,0.14534,96.7639,0.585966,OK
223,14,12,1,6.78,0.605,NdFe35,,,,,OKUMA_HATA
224,4,12,1,6.34,0.703,SmCo28,0.116637,0.0819735,97.4044,0.462118,OK
225,14,12,1,5.89,0.522,SmCo28,,,,,OKUMA_HATA
226,14,12,2,5.86,0.76,Alnico9,,,,,OKUMA_HATA
227,14,12,3,4.24,0.585,Alnico9,,,,,OKUMA_HATA
228,4,12,2,5.77,0.825,Alnico9,0.0849351,0.0455891,98.0098,0.418331,OK
229,4,12,1,5.19,0.712,Alnico9,0.101309,0.0640045,97.8355,0.462267,OK
230,4,12,1,6.83,0.682,Alnico9,0.0729965,0.0239467,98.1447,0.316424,OK
231,14,12,3,7.75,0.502,SmCo28,,,,,OKUMA_HATA
232,14,12,3,4.45,0.677,Alnico9,,,,,OKUMA_HATA
233,16,24,3,7.57,0.753,Alnico9,0.132303,0.297623,94.7098,1.20577,OK
234,8,12,3,4.37,0.758,Alnico9,0.126692,0.101124,96.1457,0.587286,OK
235,10,12,3,6.72,0.528,NdFe35,0.352011,0.217795,89.3449,0.687893,OK
236,4,12,3,7.63,0.827,SmCo28,0.0713291,0.0318328,97.7844,0.314972,OK
237,14,12,1,6.65,0.665,NdFe35,,,,,OKUMA_HATA
238,20,24,2,8.46,0.83,SmCo28,0.268281,0.0136386,80.7987,1.33292,OK
239,8,12,3,8.4,0.789,Alnico9,0.0606891,0.0227899,97.444,0.277672,OK
240,14,12,3,5.14,0.851,SmCo28,,,,,OKUMA_HATA
241,16,24,1,6.65,0.823,NdFe35,0.451919,3.93974,88.479,3.97022,OK
242,16,24,3,8.13,0.664,NdFe35,0.30073,0.0690871,90.1982,2.29076,OK
243,8,12,2,4.83,0.809,NdFe35,0.325034,0.671682,92.1597,1.41059,OK
244,14,12,3,5.18,0.509,Alnico9,,,,,OKUMA_HATA
245,8,12,1,7.32,0.708,SmCo28,0.192446,0.19453,94.2857,0.762747,OK
246,20,24,3,6.66,0.701,Alnico9,0.131132,0.0631267,90.79,0.685731,OK
247,10,12,1,7.18,0.839,NdFe35,0.231599,0.0235358,86.7259,0.58234,OK
248,10,12,3,5.52,0.556,SmCo28,0.418057,0.414756,87.5677,0.844255,OK
249,16,24,3,8.42,0.572,NdFe35,0.283243,1.36932,91.1104,1.97871,OK
250,14,12,3,5.54,0.736,Alnico9,,,,,OKUMA_HATA
251,8,12,3,4.91,0.61,SmCo28,0.347127,0.708146,92.1772,1.2638,OK
252,16,24,3,5.93,0.755,SmCo28,0.528875,4.87006,86.7963,4.3987,OK
253,16,24,3,4.42,0.864,SmCo28,0.612256,7.39235,86.7994,5.59229,OK
254,16,24,2,7.85,0.829,Alnico9,0.130925,0.329395,94.8428,1.26592,OK
255,4,12,2,4.23,0.559,Alnico9,0.120517,0.0926775,0.43654,5.57749,OK
256,16,24,1,4.87,0.629,NdFe35,0.676342,5.28699,84.6859,5.04099,OK
257,10,12,2,5.4,0.534,NdFe35,0.452059,0.412827,86.906,0.891183,OK
258,20,24,1,6.85,0.835,NdFe35,0.527495,0.117427,73.6884,2.6335,OK
259,16,24,1,6.77,0.808,Alnico9,0.130954,0.326811,95.0246,1.25478,OK
260,20,24,1,7.54,0.695,Alnico9,0.132775,0.0530819,90.8094,0.685873,OK
261,14,12,1,5.51,0.859,NdFe35,,,,,OKUMA_HATA
262,8,12,1,7.94,0.713,Alnico9,0.0878083,0.0418132,96.7396,0.378058,OK
263,16,24,1,5.84,0.604,SmCo28,0.578726,5.09155,86.3336,4.17849,OK
264,10,12,3,6.59,0.561,NdFe35,0.350924,0.289751,88.6243,0.709581,OK
265,14,12,2,7.43,0.503,Alnico9,,,,,OKUMA_HATA
266,4,12,2,8.19,0.821,Alnico9,0.0342626,0.00732351,0.386734,3.9948,OK
267,10,12,1,7.43,0.801,NdFe35,0.217791,0.0886739,87.6254,0.536414,OK
268,14,12,2,4.25,0.888,NdFe35,,,,,OKUMA_HATA
269,20,24,2,7.37,0.617,NdFe35,0.541027,1.39388,77.9672,2.29744,OK
270,10,12,1,8.12,0.632,Alnico9,0.105642,0.021284,94.3986,0.251898,OK
271,8,12,3,8.27,0.621,Alnico9,0.0792274,0.0337692,0.458158,10.5228,OK
272,4,12,1,4.8,0.605,Alnico9,0.116067,0.0854179,0.455308,5.27433,OK
273,16,24,3,7.29,0.867,SmCo28,0.348651,2.34834,90.4231,3.1769,OK
274,10,12,2,5.09,0.797,SmCo28,0.381953,0.305049,82.2073,0.943247,OK
275,20,24,3,5.75,0.851,SmCo28,0.638766,0.980578,70.8468,3.22273,OK
276,8,12,3,7.06,0.857,SmCo28,0.185104,0.215701,94.6578,0.836061,OK
277,20,24,2,4.36,0.735,Alnico9,0.123923,0.0906941,90.5903,0.694498,OK
278,20,24,1,4.96,0.839,Alnico9,0.126268,0.0149006,89.6917,0.735047,OK
279,10,12,3,7.58,0.752,NdFe35,0.214256,0.109134,88.4382,0.509398,OK
280,4,12,1,4.41,0.506,NdFe35,0.217383,0.30131,95.7287,0.724572,OK
281,14,12,2,8.03,0.514,NdFe35,,,,,OKUMA_HATA
282,16,24,2,6.5,0.663,Alnico9,0.130595,0.0204973,94.4181,1.11734,OK
283,20,24,3,4.97,0.86,NdFe35,0.717283,1.79569,69.0318,3.62972,OK
284,8,12,1,4.3,0.508,NdFe35,0.448096,1.28181,92.1644,1.47648,OK
285,20,24,3,4.49,0.565,NdFe35,0.912868,4.88017,74.7201,3.73027,OK
286,20,24,3,5.65,0.568,Alnico9,0.128737,0.0956341,92.8159,0.620053,OK
287,8,12,2,8.01,0.609,SmCo28,0.156273,0.139954,94.8903,0.566989,OK
288,14,12,1,6.99,0.84,SmCo28,,,,,OKUMA_HATA
289,16,24,2,7.11,0.881,SmCo28,0.367027,2.58897,89.8132,3.37799,OK
290,10,12,2,5.95,0.596,SmCo28,0.369271,0.332356,86.9141,0.773319,OK
291,20,24,3,4.7,0.855,NdFe35,0.727038,1.5639,68.8768,3.67873,OK
292,10,12,1,7.2,0.515,NdFe35,0.316602,0.107215,90.2302,0.608561,OK
293,14,12,3,5.48,0.518,NdFe35,,,,,OKUMA_HATA
294,14,12,1,6.19,0.643,SmCo28,,,,,OKUMA_HATA
295,14,12,3,6.04,0.882,SmCo28,,,,,OKUMA_HATA
296,20,24,3,6.45,0.578,SmCo28,0.641077,2.39355,78.4719,2.63971,OK
297,20,24,1,5.03,0.642,Alnico9,0.12669,0.0488794,92.0503,0.6545,OK
298,8,12,2,4.03,0.762,Alnico9,0.125375,0.0996287,96.0909,0.587781,OK
299,8,12,2,5.38,0.771,NdFe35,0.303842,0.580258,92.3011,1.27512,OK
300,14,12,2,4.88,0.614,SmCo28,,,,,OKUMA_HATA
301,16,24,3,8.37,0.517,NdFe35,0.312192,1.80308,91.176,2.05047,OK
302,10,12,2,4.68,0.501,NdFe35,0.532424,0.0244058,86.492,1.0118,OK
303,14,12,3,6.25,0.806,Alnico9,,,,,OKUMA_HATA
304,16,24,1,5.46,0.686,Alnico9,0.127871,0.108327,94.7563,1.12679,OK
305,16,24,1,7.95,0.545,NdFe35,0.37427,2.53702,90.0014,2.53657,OK
306,20,24,3,5.89,0.616,NdFe35,0.720266,2.61245,75.6906,3.07066,OK
307,4,12,1,7.09,0.709,NdFe35,0.0981728,0.0587547,97.6226,0.389997,OK
308,8,12,2,7.47,0.607,Alnico9,0.117111,0.0794549,0.388993,15.3657,OK
309,8,12,2,4.27,0.613,NdFe35,0.388452,0.883766,91.2477,1.42009,OK
310,20,24,2,7.78,0.52,NdFe35,0.517703,0.602715,81.5866,1.98452,OK
311,14,12,2,8.45,0.69,NdFe35,,,,,OKUMA_HATA
312,16,24,2,5.7,0.768,NdFe35,0.573853,5.96418,85.5479,4.81648,OK
313,4,12,2,6.1,0.671,Alnico9,0.0895863,0.0139526,0.399952,5.35351,OK
314,16,24,3,5.99,0.838,NdFe35,0.528099,5.43749,87.4803,4.69913,OK
315,20,24,2,8.06,0.716,Alnico9,0.133353,0.0800065,89.9588,0.696512,OK
316,8,12,1,7.45,0.51,Alnico9,0.127366,0.101359,0.429707,15.5406,OK
317,16,24,2,6.44,0.582,SmCo28,0.532102,4.78985,86.6664,3.75904,OK
318,14,12,3,6.15,0.633,SmCo28,,,,,OKUMA_HATA
319,8,12,3,5.97,0.607,SmCo28,0.289183,0.490876,92.9497,1.04618,OK
320,16,24,2,6.67,0.695,SmCo28,0.476594,2.01888,86.4863,3.74663,OK
321,16,24,2,4.57,0.567,Alnico9,0.124807,0.283591,95.2863,1.00751,OK
322,8,12,1,4.39,0.626,NdFe35,0.376872,0.769893,91.6407,1.39451,OK
323,10,12,1,5.22,0.51,Alnico9,0.131087,0.013867,95.1497,0.293216,OK
324,14,12,3,5.2,0.861,NdFe35,,,,,OKUMA_HATA
325,10,12,1,4.3,0.863,Alnico9,0.127067,0.0313818,91.8379,0.36705,OK
326,16,24,2,6.53,0.535,SmCo28,0.545146,5.52319,87.5015,3.71381,OK
327,16,24,2,5.18,0.511,SmCo28,0.720138,9.95965,85.9854,4.7799,OK
328,20,24,2,7.31,0.533,Alnico9,0.132456,0.062345,92.7513,0.605523,OK
329,14,12,3,4.01,0.703,SmCo28,,,,,OKUMA_HATA
330,8,12,1,4.8,0.741,NdFe35,0.330004,0.66963,92.1668,1.35069,OK
331,4,12,1,7.92,0.747,Alnico9,0.0429575,0.0115018,0.42347,4.05028,OK
332,8,12,2,4.51,0.545,SmCo28,0.402309,1.02953,91.9127,1.37989,OK
333,8,12,2,8.25,0.801,NdFe35,0.11352,0.080066,95.625,0.488859,OK
334,10,12,1,7.42,0.557,SmCo28,0.272407,0.170108,90.2995,0.548564,OK
335,10,12,3,4.62,0.557,Alnico9,0.129184,0.0405976,94.7473,0.304894,OK
336,14,12,1,6.14,0.524,SmCo28,,,,,OKUMA_HATA
337,10,12,3,8.0,0.617,NdFe35,0.203742,0.090919,90.7882,0.433232,OK
338,14,12,1,4.9,0.74,Alnico9,,,,,OKUMA_HATA
339,4,12,3,7.39,0.612,NdFe35,0.0953733,0.0563112,97.3759,0.34841,OK
340,20,24,1,5.24,0.751,NdFe35,0.72149,3.07321,71.3045,3.44143,OK
341,4,12,1,7.15,0.527,SmCo28,0.109182,0.074765,96.8387,0.37032,OK
342,20,24,1,8.0,0.619,Alnico9,0.133514,0.081071,91.8158,0.649122,OK
343,16,24,2,5.55,0.883,Alnico9,0.127868,0.316998,95.1744,1.31071,OK
344,16,24,1,5.37,0.889,NdFe35,0.581352,6.53261,87.4019,5.38656,OK
345,8,12,3,7.44,0.573,Alnico9,0.121275,0.0902764,0.464574,14.6686,OK
346,14,12,1,4.03,0.715,NdFe35,,,,,OKUMA_HATA
347,20,24,1,6.78,0.733,SmCo28,0.558268,1.69915,75.2892,2.62023,OK
348,20,24,1,7.05,0.673,NdFe35,0.567877,0.224698,76.7524,2.53437,OK
349,20,24,2,5.06,0.892,Alnico9,0.126562,0.095227,88.9303,0.741983,OK
350,10,12,1,7.94,0.564,SmCo28,0.218627,0.110178,91.3804,0.442952,OK
351,16,24,1,7.09,0.51,Alnico9,0.131935,0.326593,95.674,0.971366,OK
352,8,12,2,6.87,0.58,SmCo28,0.243385,0.363025,93.5346,0.859049,OK
353,4,12,3,6.41,0.786,NdFe35,0.114184,0.0820813,97.2501,0.486718,OK
354,10,12,3,4.38,0.871,SmCo28,0.415474,0.373662,81.3064,1.05829,OK
355,14,12,1,7.65,0.849,Alnico9,,,,,OKUMA_HATA
356,4,12,2,4.73,0.536,Alnico9,0.121325,0.0936247,0.430224,5.78545,OK
357,16,24,2,6.59,0.652,NdFe35,0.520783,1.311,85.7756,3.92361,OK
358,8,12,2,7.36,0.759,SmCo28,0.180161,0.199203,94.3456,0.748007,OK
359,8,12,2,4.95,0.795,Alnico9,0.128208,0.104297,96.0527,0.606483,OK
360,10,12,3,4.76,0.847,SmCo28,0.397452,0.17187,81.9048,1.00833,OK
361,14,12,2,7.64,0.678,SmCo28,,,,,OKUMA_HATA
362,14,12,1,8.27,0.584,NdFe35,,,,,OKUMA_HATA
363,4,12,1,7.2,0.564,Alnico9,0.0741975,0.0345013,0.435825,4.51353,OK
364,10,12,2,4.23,0.512,SmCo28,0.550817,0.3004,86.013,1.06726,OK
365,8,12,2,4.48,0.77,NdFe35,0.339387,0.729646,91.8143,1.4256,OK
366,20,24,2,5.57,0.583,Alnico9,0.128475,0.0982884,92.361,0.629761,OK
367,16,24,2,6.95,0.514,NdFe35,0.537167,5.4139,87.8255,3.53242,OK
368,16,24,1,8.22,0.841,NdFe35,0.24899,1.1937,91.9487,2.22159,OK
369,14,12,1,7.32,0.885,SmCo28,,,,,OKUMA_HATA
370,16,24,2,6.79,0.551,Alnico9,0.131347,0.313535,95.1629,1.01221,OK
371,14,12,1,7.04,0.565,NdFe35,,,,,OKUMA_HATA
372,8,12,1,7.54,0.742,NdFe35,0.173415,0.180682,94.6193,0.70883,OK
373,10,12,3,5.87,0.737,Alnico9,0.1318,0.042351,92.5375,0.347034,OK
374,16,24,2,4.1,0.824,Alnico9,0.122365,0.295981,95.1871,1.23036,OK
375,16,24,1,6.2,0.849,NdFe35,0.498598,4.84493,88.0561,4.47366,OK
376,20,24,3,6.06,0.842,NdFe35,0.640114,0.529596,70.8747,3.21218,OK
377,16,24,2,4.24,0.776,SmCo28,0.625895,7.34815,84.9851,5.31654,OK
378,4,12,3,5.33,0.625,Alnico9,0.107312,0.0711786,0.488104,5.13749,OK
379,14,12,2,7.58,0.762,Alnico9,,,,,OKUMA_HATA
380,20,24,2,8.09,0.884,SmCo28,0.314339,0.497389,78.6319,1.58473,OK
381,4,12,2,8.28,0.753,SmCo28,0.0524483,0.0171269,98.1995,0.217238,OK
382,20,24,3,5.62,0.811,SmCo28,0.647023,1.06656,71.2887,3.21412,OK
383,10,12,1,6.26,0.656,NdFe35,0.349081,0.10019,86.5123,0.769175,OK
384,8,12,1,7.77,0.831,NdFe35,0.143736,0.129256,95.215,0.634798,OK
385,20,24,2,5.28,0.817,Alnico9,0.127385,0.030726,89.227,0.732271,OK
386,14,12,1,5.91,0.864,Alnico9,,,,,OKUMA_HATA
387,8,12,3,8.41,0.811,SmCo28,0.098206,0.059977,96.0958,0.427598,OK
388,14,12,1,4.88,0.73,Alnico9,,,,,OKUMA_HATA
389,4,12,2,8.02,0.668,NdFe35,0.0685428,0.00241631,98.0354,0.262098,OK
390,16,24,1,5.44,0.728,Alnico9,0.12775,0.249007,94.8638,1.16551,OK
391,4,12,3,4.99,0.66,SmCo28,0.15596,0.0636471,96.8933,0.596236,OK
392,4,12,3,4.34,0.742,Alnico9,0.10928,0.0761149,97.7395,0.52185,OK
393,8,12,2,4.19,0.676,SmCo28,0.359462,0.265058,91.1563,1.38861,OK
394,4,12,1,5.6,0.588,Alnico9,0.107003,0.0723589,0.446856,5.34275,OK
395,10,12,1,5.91,0.517,Alnico9,0.132669,0.0219092,94.9881,0.294904,OK
396,20,24,3,5.25,0.867,NdFe35,0.705601,2.07011,69.2204,3.57185,OK
397,8,12,2,7.84,0.657,Alnico9,0.0979912,0.0179249,96.3692,0.402176,OK
398,10,12,2,6.02,0.698,Alnico9,0.132244,0.0333811,92.652,0.338604,OK
399,4,12,3,8.16,0.731,Alnico9,0.0374503,0.00869201,0.460646,3.33081,OK
400,10,12,1,5.76,0.636,SmCo28,0.369865,0.260062,86.5634,0.803071,OK
401,10,12,3,6.93,0.852,SmCo28,0.245505,0.0785954,86.2322,0.620619,OK
402,10,12,2,6.2,0.551,NdFe35,0.383064,0.334904,87.6969,0.767017,OK
403,8,12,2,5.66,0.586,Alnico9,0.131117,0.105719,0.397712,20.1941,OK
404,14,12,3,7.24,0.832,NdFe35,,,,,OKUMA_HATA
405,14,12,2,5.0,0.778,NdFe35,,,,,OKUMA_HATA
406,8,12,1,5.34,0.739,Alnico9,0.129454,0.102095,96.0237,0.581875,OK
407,20,24,2,6.36,0.507,SmCo28,0.700432,0.424583,78.8727,2.65949,OK
408,20,24,2,4.34,0.875,NdFe35,0.732536,2.66462,67.2282,3.72313,OK
409,14,12,1,5.01,0.717,Alnico9,,,,,OKUMA_HATA
410,4,12,3,5.7,0.628,Alnico9,0.100902,0.0621929,0.482771,5.03569,OK
411,10,12,1,8.3,0.732,Alnico9,0.0853945,0.0167345,94.1996,0.219151,OK
412,16,24,3,5.05,0.688,SmCo28,0.605382,2.68663,85.177,4.74324,OK
413,14,12,1,5.94,0.559,Alnico9,,,,,OKUMA_HATA
414,10,12,3,8.4,0.555,NdFe35,0.174415,0.0677583,92.6062,0.349736,OK
415,20,24,3,5.59,0.725,SmCo28,0.66419,2.36285,73.2401,3.11202,OK
416,10,12,1,7.9,0.712,NdFe35,0.192614,0.0792205,89.6559,0.443675,OK
417,10,12,2,4.55,0.711,SmCo28,0.41747,0.398031,83.2067,0.96738,OK
418,4,12,3,7.56,0.604,SmCo28,0.0875102,0.0476078,97.4627,0.317326,OK
419,4,12,3,8.16,0.867,Alnico9,0.0343487,0.00736071,0.455457,3.40347,OK
420,8,12,1,5.17,0.591,Alnico9,0.12997,0.103673,0.434826,20.0113,OK
421,20,24,1,5.12,0.77,Alnico9,0.126902,0.0900964,90.3257,0.712448,OK
422,4,12,2,4.98,0.869,Alnico9,0.0949027,0.0571953,97.9069,0.490658,OK
423,14,12,2,6.19,0.626,NdFe35,,,,,OKUMA_HATA
424,20,24,3,7.89,0.52,SmCo28,0.474593,0.504201,83.359,1.82439,OK
425,4,12,1,5.67,0.832,Alnico9,0.0862428,0.0470299,98.0141,0.428008,OK
426,4,12,1,4.44,0.693,NdFe35,0.167469,0.162369,96.8102,0.659802,OK
427,16,24,1,7.0,0.655,SmCo28,0.452258,0.777139,87.5973,3.42068,OK
428,4,12,3,5.0,0.85,Alnico9,0.0955027,0.0579337,97.8798,0.486602,OK
429,10,12,1,6.54,0.521,SmCo28,0.354024,0.180395,89.4581,0.687566,OK
430,20,24,1,7.26,0.706,Alnico9,0.132298,0.0696518,90.699,0.690707,OK
431,4,12,1,7.38,0.538,SmCo28,0.0998107,0.0624031,96.9412,0.335237,OK
432,16,24,2,7.34,0.748,SmCo28,0.375999,2.3603,88.5918,3.10052,OK
433,16,24,3,7.33,0.596,Alnico9,0.132285,0.273286,94.91,1.05473,OK
434,4,12,2,7.98,0.785,NdFe35,0.0627526,0.0245864,97.9284,0.267036,OK
435,4,12,2,7.13,0.836,SmCo28,0.0872413,0.0477333,97.6216,0.387942,OK
436,8,12,1,7.55,0.53,NdFe35,0.217786,0.295697,94.1665,0.725395,OK
437,16,24,2,7.94,0.606,NdFe35,0.34867,1.74723,89.2475,2.52291,OK
438,14,12,2,4.79,0.72,SmCo28,,,,,OKUMA_HATA
439,16,24,2,6.52,0.692,Alnico9,0.130598,0.138614,94.4103,1.14514,OK
440,4,12,1,8.44,0.653,Alnico9,0.0327161,0.0043756,0.426314,3.29581,OK
441,10,12,3,6.71,0.876,NdFe35,0.262749,0.149243,85.5357,0.665424,OK
442,4,12,1,6.29,0.869,NdFe35,0.113083,0.0805691,97.3183,0.516232,OK
443,4,12,1,4.76,0.837,Alnico9,0.0989238,0.0622341,97.8835,0.501435,OK
444,14,12,1,4.96,0.674,Alnico9,,,,,OKUMA_HATA
445,14,12,3,6.38,0.734,Alnico9,,,,,OKUMA_HATA
446,16,24,3,6.92,0.764,Alnico9,0.131318,0.305431,94.7893,1.21331,OK
447,10,12,2,6.04,0.667,Alnico9,0.13239,0.000455954,93.016,0.331283,OK
448,4,12,3,6.05,0.595,NdFe35,0.138913,0.121532,96.7617,0.500305,OK
449,16,24,2,7.41,0.532,NdFe35,0.469881,4.07665,88.3568,3.14964,OK
450,20,24,2,6.22,0.859,SmCo28,0.595768,1.15277,70.4478,3.00501,OK
451,16,24,1,5.32,0.724,Alnico9,0.127377,0.24007,94.8652,1.16018,OK
452,20,24,3,8.34,0.561,SmCo28,0.360118,0.667458,84.7305,1.44946,OK
453,16,24,1,7.62,0.761,SmCo28,0.333019,1.93608,90.0065,2.77867,OK
454,8,12,3,6.09,0.691,NdFe35,0.278324,0.317654,92.7895,1.0859,OK
455,4,12,1,5.24,0.724,SmCo28,0.142214,0.12752,97.0905,0.576104,OK
456,4,12,3,7.1,0.718,Alnico9,0.0647124,0.0258978,98.2244,0.28808,OK
457,20,24,3,7.97,0.701,SmCo28,0.378646,0.498316,80.6051,1.72949,OK
458,4,12,2,5.45,0.636,Alnico9,0.104389,0.064405,0.407095,5.4536,OK
459,16,24,2,4.57,0.608,Alnico9,0.12475,0.235432,94.9683,1.04478,OK
460,14,12,2,5.15,0.524,Alnico9,,,,,OKUMA_HATA
461,8,12,2,4.64,0.86,NdFe35,0.332298,0.704232,92.3138,1.50417,OK
462,8,12,3,4.31,0.599,SmCo28,0.384335,0.902174,91.8266,1.38712,OK
463,8,12,1,5.32,0.591,Alnico9,0.130328,0.104081,0.433985,20.0947,OK
464,4,12,2,4.04,0.897,SmCo28,0.164554,0.173004,96.8139,0.773834,OK
465,10,12,2,7.43,0.706,SmCo28,0.233543,0.110872,88.0323,0.535987,OK
466,14,12,1,7.22,0.845,Alnico9,,,,,OKUMA_HATA
467,10,12,1,6.84,0.562,NdFe35,0.331353,0.257176,88.9548,0.670128,OK
468,4,12,1,7.11,0.862,Alnico9,0.0576009,0.0208141,0.420686,4.71472,OK
469,4,12,2,8.26,0.575,Alnico9,0.042215,0.011101,0.397797,3.85597,OK
470,16,24,3,5.05,0.791,Alnico9,0.126396,0.303315,95.065,1.2163,OK
471,4,12,1,7.18,0.694,SmCo28,0.093422,0.0495105,97.7131,0.366576,OK
472,10,12,1,6.27,0.822,NdFe35,0.310819,0.0834369,84.4323,0.776971,OK
473,14,12,2,4.61,0.619,NdFe35,,,,,OKUMA_HATA
474,4,12,1,6.86,0.773,Alnico9,0.0668687,0.0280818,98.2422,0.311872,OK
475,14,12,1,6.45,0.72,NdFe35,,,,,OKUMA_HATA
476,16,24,3,6.89,0.593,Alnico9,0.131496,0.276488,94.962,1.04942,OK
477,4,12,1,6.69,0.796,SmCo28,0.103139,0.0668716,97.4563,0.443914,OK
478,4,12,2,4.32,0.631,Alnico9,0.117377,0.0845835,0.423366,5.36182,OK
479,8,12,1,6.07,0.553,NdFe35,0.309636,0.601089,92.9952,1.06681,OK
480,10,12,2,4.24,0.834,SmCo28,0.418578,0.0105425,80.6272,1.05796,OK
481,16,24,1,6.42,0.691,NdFe35,0.526357,2.18178,86.3839,4.11848,OK
482,14,12,2,7.85,0.796,Alnico9,,,,,OKUMA_HATA
483,20,24,1,5.29,0.629,NdFe35,0.772037,2.52676,74.4201,3.33637,OK
484,10,12,3,6.75,0.676,NdFe35,0.309155,0.0677805,87.0469,0.692357,OK
485,16,24,1,7.8,0.79,Alnico9,0.131859,0.322327,94.9136,1.23671,OK
486,10,12,3,5.91,0.705,SmCo28,0.347611,0.252646,85.6335,0.799555,OK
487,20,24,1,5.28,0.865,Alnico9,0.127342,0.0642823,89.4687,0.740452,OK
488,20,24,3,4.09,0.642,NdFe35,0.870152,2.38907,72.4029,3.8256,OK
489,10,12,1,4.37,0.526,NdFe35,0.537204,0.515248,86.4091,1.05428,OK
490,8,12,2,4.86,0.891,SmCo28,0.311855,0.621488,92.8014,1.44868,OK
491,8,12,3,6.16,0.509,SmCo28,0.312233,0.614347,93.4255,1.02861,OK
492,16,24,2,7.88,0.639,NdFe35,0.345776,0.984275,89.0412,2.59976,OK
493,4,12,2,4.7,0.541,SmCo28,0.192879,0.236656,96.0322,0.666948,OK
494,10,12,3,8.04,0.733,SmCo28,0.170662,0.0674235,90.1673,0.400249,OK
495,10,12,3,8.31,0.793,NdFe35,0.143493,0.0414262,90.4776,0.351265,OK
496,16,24,3,6.21,0.893,Alnico9,0.129612,0.321805,95.2869,1.32509,OK
497,8,12,3,6.35,0.602,SmCo28,0.268838,0.428885,93.2601,0.968183,OK
498,16,24,3,6.84,0.71,Alnico9,0.131242,0.209656,94.6114,1.16187,OK
499,8,12,1,4.64,0.892,NdFe35,0.329932,0.696432,92.8093,1.53281,OK
500,14,12,2,6.96,0.705,NdFe35,,,,,OKUMA_HATA
501,10,12,1,4.54,0.615,SmCo28,0.455804,0.492846,85.4218,0.974926,OK
502,14,12,2,5.59,0.605,SmCo28,,,,,OKUMA_HATA
503,10,12,2,6.83,0.675,SmCo28,0.292821,0.0544346,86.9365,0.655722,OK
504,16,24,1,6.14,0.55,SmCo28,0.579185,6.15222,87.2994,3.96909,OK
505,8,12,3,7.64,0.65,NdFe35,0.183058,0.101157,94.5736,0.705972,OK
506,14,12,3,6.49,0.794,NdFe35,,,,,OKUMA_HATA
507,20,24,1,4.14,0.65,SmCo28,0.81433,1.46812,73.1273,3.61296,OK
508,16,24,3,8.22,0.709,NdFe35,0.275406,0.880577,90.7548,2.18978,OK
509,14,12,2,6.5,0.779,NdFe35,,,,,OKUMA_HATA
510,4,12,1,8.08,0.803,Alnico9,0.0372868,0.00867731,0.420034,3.75112,OK
511,10,12,1,8.04,0.658,NdFe35,0.190059,0.0227416,90.5109,0.418707,OK
512,4,12,1,8.11,0.675,NdFe35,0.0646676,0.0120166,98.1353,0.248939,OK
513,10,12,3,6.24,0.688,NdFe35,0.344725,0.174423,85.978,0.780336,OK
514,14,12,1,7.23,0.523,NdFe35,,,,,OKUMA_HATA
515,16,24,3,6.67,0.689,SmCo28,0.478158,1.6579,87.1014,3.74025,OK
516,14,12,2,5.01,0.64,Alnico9,,,,,OKUMA_HATA
517,14,12,2,4.17,0.674,SmCo28,,,,,OKUMA_HATA
518,8,12,3,6.64,0.897,NdFe35,0.208921,0.277154,94.4303,0.973389,OK
519,20,24,1,5.96,0.725,Alnico9,0.129457,0.088775,90.6838,0.695909,OK
520,4,12,2,4.84,0.813,NdFe35,0.150373,0.143724,96.874,0.657817,OK
521,4,12,1,4.49,0.842,Alnico9,0.101604,0.0657662,97.8624,0.52096,OK
522,20,24,1,5.36,0.714,SmCo28,0.685157,2.26896,73.2133,3.18514,OK
523,4,12,1,8.17,0.533,NdFe35,0.0733029,0.0335165,97.151,0.249755,OK
524,10,12,3,7.08,0.646,NdFe35,0.289385,0.117305,88.0979,0.631577,OK
525,16,24,2,5.84,0.856,Alnico9,0.128715,0.323585,95.0529,1.29046,OK
526,14,12,1,4.28,0.648,SmCo28,,,,,OKUMA_HATA
527,14,12,3,4.95,0.739,Alnico9,,,,,OKUMA_HATA
528,10,12,3,4.11,0.745,NdFe35,0.445803,0.511281,82.5815,1.06098,OK
529,10,12,1,6.57,0.774,SmCo28,0.293402,0.201797,85.7258,0.710745,OK
530,8,12,3,5.81,0.722,NdFe35,0.288514,0.481874,92.7017,1.15912,OK
531,8,12,1,5.68,0.846,NdFe35,0.279808,0.49593,93.1902,1.25094,OK
532,14,12,2,5.43,0.875,NdFe35,,,,,OKUMA_HATA
533,10,12,1,6.81,0.731,SmCo28,0.28377,0.189777,86.7235,0.664967,OK
534,4,12,2,8.2,0.699,SmCo28,0.0582622,0.0197926,98.2015,0.229344,OK
535,20,24,2,6.38,0.562,Alnico9,0.13063,0.0935257,92.491,0.62074,OK
536,20,24,2,5.72,0.896,SmCo28,0.63997,2.47064,69.1901,3.24955,OK
537,16,24,3,7.4,0.805,NdFe35,0.361736,2.47656,89.6659,3.13344,OK
538,10,12,1,5.97,0.624,Alnico9,0.132421,0.0381981,93.8009,0.320826,OK
539,4,12,3,5.42,0.889,Alnico9,0.0885557,0.0496469,0.466661,5.05286,OK
540,10,12,1,5.21,0.584,SmCo28,0.426407,0.453993,86.7041,0.884922,OK
541,14,12,2,4.77,0.805,SmCo28,,,,,OKUMA_HATA
542,16,24,3,4.32,0.718,NdFe35,0.666978,6.336,84.5261,5.37289,OK
543,10,12,2,6.16,0.627,NdFe35,0.362371,0.276174,86.2765,0.778679,OK
544,16,24,2,5.99,0.618,NdFe35,0.587897,4.57133,85.2544,4.31806,OK
545,8,12,1,4.46,0.583,SmCo28,0.383758,0.920244,92.002,1.36402,OK
546,8,12,3,5.1,0.88,NdFe35,0.308372,0.606238,92.9819,1.4183,OK
547,10,12,1,4.45,0.717,SmCo28,0.420983,0.419794,83.7164,0.980722,OK
548,16,24,1,6.06,0.773,NdFe35,0.542743,5.37367,86.7528,4.57367,OK
549,14,12,3,8.47,0.617,NdFe35,,,,,OKUMA_HATA
550,20,24,3,4.35,0.844,SmCo28,0.701004,0.790673,69.607,3.55191,OK
551,10,12,1,7.34,0.823,NdFe35,0.221172,0.037043,87.2361,0.55219,OK
552,20,24,3,4.72,0.628,NdFe35,0.825926,3.00176,73.5671,3.57576,OK
553,4,12,2,6.81,0.578,Alnico9,0.082979,0.0432094,0.401821,5.01419,OK
554,8,12,3,8.24,0.512,NdFe35,0.160167,0.159476,94.9451,0.52677,OK
555,10,12,1,6.63,0.623,SmCo28,0.317049,0.218009,87.9697,0.679622,OK
556,16,24,3,5.4,0.679,Alnico9,0.127681,0.0711987,94.6909,1.11784,OK
557,14,12,3,7.88,0.67,Alnico9,,,,,OKUMA_HATA
558,16,24,2,7.44,0.82,SmCo28,0.341144,2.23021,89.7451,2.99204,OK
559,4,12,1,5.69,0.806,SmCo28,0.12833,0.104153,97.1786,0.557955,OK
560,10,12,1,4.46,0.666,SmCo28,0.437818,0.0111616,84.5265,0.978461,OK
561,20,24,2,4.39,0.625,NdFe35,0.8596,3.45931,71.9219,3.7161,OK
562,4,12,3,6.12,0.537,Alnico9,0.103474,0.0675189,0.48946,5.26149,OK
563,20,24,2,5.33,0.828,NdFe35,0.699895,0.253526,68.4145,3.49975,OK
564,4,12,1,7.25,0.899,NdFe35,0.0806493,0.0407761,97.766,0.377149,OK
565,20,24,1,8.34,0.895,Alnico9,0.128393,0.0918258,89.0604,0.722078,OK
566,16,24,3,7.12,0.849,Alnico9,0.131508,0.335179,95.0811,1.29376,OK
567,14,12,3,7.66,0.775,NdFe35,,,,,OKUMA_HATA
568,8,12,2,7.1,0.534,SmCo28,0.238726,0.356106,93.9196,0.806903,OK
569,16,24,3,8.03,0.543,NdFe35,0.360982,2.36453,90.1159,2.44152,OK
570,4,12,1,8.44,0.843,SmCo28,0.0431782,0.0116181,98.2517,0.193524,OK
571,10,12,3,8.39,0.586,NdFe35,0.168432,0.0665829,92.262,0.348067,OK
572,8,12,1,5.5,0.766,SmCo28,0.288191,0.520191,92.8632,1.20608,OK
573,8,12,3,4.6,0.784,NdFe35,0.334539,0.710758,92.2442,1.42306,OK
574,8,12,1,7.81,0.692,NdFe35,0.161467,0.105859,94.8379,0.629508,OK
575,4,12,3,4.5,0.783,Alnico9,0.104804,0.0699926,97.7868,0.514012,OK
576,8,12,2,6.08,0.793,SmCo28,0.257881,0.418314,93.1109,1.10353,OK
577,14,12,3,8.07,0.544,SmCo28,,,,,OKUMA_HATA
578,10,12,2,5.61,0.707,Alnico9,0.131375,0.0369047,92.617,0.340486,OK
579,8,12,2,5.23,0.685,NdFe35,0.319728,0.353962,91.7692,1.2411,OK
580,4,12,1,7.55,0.522,SmCo28,0.0954855,0.0570425,96.9735,0.321956,OK
581,14,12,2,4.44,0.639,NdFe35,,,,,OKUMA_HATA
582,8,12,3,4.63,0.695,SmCo28,0.333938,0.513697,91.9804,1.31287,OK
583,4,12,3,4.85,0.816,NdFe35,0.150161,0.143356,96.8911,0.658992,OK
584,16,24,2,5.08,0.614,SmCo28,0.642458,5.83809,84.5476,4.69594,OK
585,16,24,2,4.92,0.898,SmCo28,0.595768,6.82631,86.71,5.57215,OK
586,14,12,2,6.47,0.6,SmCo28,,,,,OKUMA_HATA
587,4,12,3,6.43,0.686,NdFe35,0.118782,0.0718551,97.3533,0.462863,OK
588,20,24,2,5.83,0.786,NdFe35,0.674279,2.13853,69.9089,3.28845,OK
589,4,12,1,5.03,0.54,NdFe35,0.184154,0.215337,96.1115,0.634409,OK
590,10,12,1,7.53,0.828,Alnico9,0.116506,0.00536143,92.0957,0.319624,OK
591,10,12,1,7.27,0.502,SmCo28,0.300708,0.0138795,90.7724,0.568797,OK
592,14,12,3,4.43,0.893,NdFe35,,,,,OKUMA_HATA
593,16,24,3,7.9,0.644,SmCo28,0.329394,0.748074,89.7823,2.47461,OK
594,14,12,1,7.49,0.661,SmCo28,,,,,OKUMA_HATA
595,20,24,3,5.34,0.877,Alnico9,0.127529,0.080964,89.3372,0.740602,OK
596,20,24,1,4.0,0.776,NdFe35,0.777133,3.35939,69.5653,3.79442,OK
597,4,12,3,6.12,0.736,Alnico9,0.0839552,0.0443329,97.9896,0.384019,OK
598,10,12,1,6.1,0.697,SmCo28,0.337467,0.213102,85.9938,0.770692,OK
599,10,12,1,6.11,0.883,SmCo28,0.304338,0.212466,84.1924,0.77243,OK
600,8,12,1,6.48,0.876,Alnico9,0.123303,0.0962931,96.3805,0.609877,OK
601,16,24,2,6.74,0.685,Alnico9,0.131055,0.104057,94.3838,1.14022,OK
602,20,24,2,7.9,0.654,NdFe35,0.42549,0.270194,79.5636,1.86495,OK
603,10,12,3,8.05,0.799,Alnico9,0.0945507,0.0169351,93.2275,0.254236,OK
604,8,12,2,6.92,0.528,NdFe35,0.263017,0.433127,93.4895,0.877097,OK
605,16,24,2,6.7,0.63,SmCo28,0.489689,2.57521,86.6465,3.6535,OK
606,8,12,3,6.15,0.662,NdFe35,0.279483,0.0772782,92.7624,1.06043,OK
607,4,12,2,7.52,0.743,NdFe35,0.0814687,0.0414356,97.7483,0.333838,OK
608,8,12,3,8.35,0.7,SmCo28,0.114384,0.061689,95.8161,0.450008,OK
609,8,12,1,8.23,0.682,NdFe35,0.129673,0.0466278,95.4843,0.500715,OK
610,16,24,2,7.92,0.705,NdFe35,0.319489,1.11142,89.375,2.52887,OK
611,10,12,1,6.37,0.713,NdFe35,0.329862,0.241897,85.8108,0.761425,OK
612,4,12,1,7.72,0.504,Alnico9,0.0649577,0.026384,0.43858,4.16746,OK
613,8,12,2,7.71,0.572,NdFe35,0.194946,0.232978,94.2149,0.682286,OK
614,14,12,2,5.76,0.645,SmCo28,,,,,OKUMA_HATA
615,14,12,3,5.86,0.648,NdFe35,,,,,OKUMA_HATA
616,8,12,2,5.75,0.715,Alnico9,0.130336,0.0952793,95.7791,0.571737,OK
617,10,12,2,7.31,0.804,NdFe35,0.227576,0.0919377,86.6723,0.561566,OK
618,14,12,2,5.42,0.543,NdFe35,,,,,OKUMA_HATA
619,16,24,2,4.54,0.824,NdFe35,0.637273,7.98549,85.3039,5.61932,OK
620,16,24,2,6.09,0.542,SmCo28,0.589846,6.45336,86.6749,4.00671,OK
621,20,24,3,7.54,0.756,NdFe35,0.448695,1.11069,77.3072,2.13594,OK
622,14,12,1,4.69,0.818,SmCo28,,,,,OKUMA_HATA
623,16,24,2,6.8,0.843,SmCo28,0.416353,3.3642,88.6783,3.72019,OK
624,8,12,2,4.58,0.897,SmCo28,0.324872,0.675555,92.6683,1.51761,OK
625,10,12,3,7.01,0.848,Alnico9,0.127798,0.0173857,91.5527,0.353969,OK
626,8,12,3,7.84,0.729,SmCo28,0.149662,0.130492,95.086,0.605094,OK
627,4,12,2,4.82,0.615,Alnico9,0.114979,0.0833714,0.415889,5.35557,OK
628,14,12,1,7.46,0.735,Alnico9,,,,,OKUMA_HATA
629,20,24,1,6.79,0.886,SmCo28,0.504615,1.36609,73.9027,2.55314,OK
630,14,12,1,5.2,0.606,NdFe35,,,,,OKUMA_HATA
631,10,12,1,6.89,0.613,NdFe35,0.313684,0.22414,88.2015,0.665095,OK
632,4,12,2,7.67,0.872,Alnico9,0.0451312,0.0127424,0.385636,4.45226,OK
633,4,12,2,7.6,0.504,SmCo28,0.0956678,0.0572625,96.9056,0.316353,OK
634,20,24,2,8.05,0.793,SmCo28,0.339428,0.445206,78.7594,1.65604,OK
635,14,12,2,8.31,0.555,SmCo28,,,,,OKUMA_HATA
636,16,24,3,5.39,0.519,SmCo28,0.687234,9.01203,86.5948,4.546,OK
637,14,12,2,4.8,0.667,NdFe35,,,,,OKUMA_HATA
638,16,24,3,5.57,0.73,Alnico9,0.128143,0.253718,94.7882,1.16747,OK
639,8,12,3,5.69,0.872,NdFe35,0.27354,0.475079,93.3816,1.24961,OK
640,20,24,3,7.8,0.803,Alnico9,0.132992,0.0543977,89.309,0.732428,OK
641,20,24,2,5.6,0.882,Alnico9,0.128316,0.0870061,88.775,0.744603,OK
642,20,24,2,7.62,0.507,Alnico9,0.132896,0.0145293,93.0553,0.588766,OK
643,10,12,2,4.01,0.624,SmCo28,0.484606,0.536113,84.0209,1.04696,OK
644,16,24,1,7.62,0.745,Alnico9,0.132349,0.287465,94.7444,1.19973,OK
645,16,24,1,6.78,0.657,Alnico9,0.131195,0.0548202,94.6626,1.11207,OK
646,8,12,1,7.48,0.715,NdFe35,0.182639,0.183951,94.449,0.727748,OK
647,8,12,1,5.49,0.684,SmCo28,0.29683,0.290791,92.4914,1.15268,OK
648,20,24,2,6.29,0.798,SmCo28,0.598454,1.33783,71.3207,2.93527,OK
649,20,24,1,7.19,0.566,SmCo28,0.558638,1.71585,80.4137,2.26705,OK
650,16,24,2,7.79,0.568,NdFe35,0.390679,2.65196,88.9675,2.71686,OK
651,4,12,2,7.18,0.866,Alnico9,0.0559239,0.0196066,0.386134,4.79657,OK
652,20,24,2,5.29,0.652,SmCo28,0.72148,0.979766,73.3154,3.1893,OK
653,16,24,2,5.73,0.538,Alnico9,0.1288,0.310481,95.3695,0.99177,OK
654,4,12,1,6.71,0.54,SmCo28,0.12288,0.0949188,96.7489,0.422503,OK
655,20,24,3,7.68,0.789,SmCo28,0.399484,0.67123,77.9984,1.94728,OK
656,14,12,3,5.98,0.59,SmCo28,,,,,OKUMA_HATA
657,14,12,3,7.13,0.844,Alnico9,,,,,OKUMA_HATA
658,14,12,2,5.37,0.76,NdFe35,,,,,OKUMA_HATA
659,10,12,2,7.02,0.7,NdFe35,0.27877,0.14927,86.7845,0.636056,OK
660,8,12,3,6.12,0.502,SmCo28,0.318169,0.638147,93.4404,1.04008,OK
661,8,12,2,5.36,0.597,SmCo28,0.327129,0.648491,92.2313,1.1744,OK
662,14,12,3,7.03,0.884,Alnico9,,,,,OKUMA_HATA
663,8,12,1,6.34,0.708,SmCo28,0.253399,0.341076,93.2433,1.00525,OK
664,14,12,2,4.02,0.746,NdFe35,,,,,OKUMA_HATA
665,4,12,3,4.15,0.622,NdFe35,0.189721,0.226614,96.4235,0.70402,OK
666,10,12,1,6.17,0.627,SmCo28,0.346674,0.252708,87.2456,0.746303,OK
667,14,12,1,8.38,0.658,Alnico9,,,,,OKUMA_HATA
668,20,24,2,4.93,0.891,NdFe35,0.719628,3.06223,67.4056,3.65499,OK
669,14,12,2,4.3,0.811,NdFe35,,,,,OKUMA_HATA
670,14,12,3,4.53,0.844,NdFe35,,,,,OKUMA_HATA
671,4,12,3,4.46,0.541,SmCo28,0.201116,0.257705,96.008,0.696277,OK
672,4,12,2,6.46,0.703,SmCo28,0.11346,0.0774873,97.3885,0.449305,OK
673,4,12,3,7.82,0.521,NdFe35,0.0884962,0.0489424,96.8206,0.297799,OK
674,8,12,2,8.18,0.549,NdFe35,0.157513,0.153399,94.8547,0.536652,OK
675,20,24,3,5.13,0.547,SmCo28,0.825823,3.35489,76.686,3.31085,OK
676,4,12,2,8.37,0.751,NdFe35,0.0504095,0.0158104,98.2011,0.208347,OK
677,16,24,1,5.08,0.81,SmCo28,0.580461,6.52574,86.6713,5.06535,OK
678,4,12,3,7.68,0.844,Alnico9,0.0455125,0.0129523,98.5098,0.22247,OK
679,4,12,3,5.43,0.521,Alnico9,0.11757,0.0875264,0.500008,5.40423,OK
680,4,12,3,6.68,0.798,NdFe35,0.105376,0.069806,97.3296,0.453499,OK
681,14,12,3,4.29,0.899,Alnico9,,,,,OKUMA_HATA
682,20,24,3,5.63,0.661,Alnico9,0.128604,0.0125186,91.5541,0.664038,OK
683,14,12,2,4.05,0.704,SmCo28,,,,,OKUMA_HATA
684,20,24,2,8.01,0.505,SmCo28,0.45871,0.122421,83.2378,1.72643,OK
685,14,12,2,8.34,0.507,SmCo28,,,,,OKUMA_HATA
686,4,12,2,5.27,0.594,Alnico9,0.111671,0.0789696,0.41376,5.5268,OK
687,8,12,1,6.62,0.765,SmCo28,0.230422,0.329193,93.7196,0.962112,OK
688,10,12,1,4.42,0.557,SmCo28,0.499189,0.609209,86.1975,1.01323,OK
689,20,24,2,4.89,0.807,Alnico9,0.126026,0.0489265,89.4651,0.727024,OK
690,4,12,3,4.32,0.503,SmCo28,0.219721,0.307889,95.7212,0.732145,OK
691,20,24,1,5.12,0.67,Alnico9,0.126977,0.00639223,91.6443,0.667604,OK
692,8,12,2,8.14,0.669,NdFe35,0.138941,0.0089331,95.0898,0.53034,OK
693,10,12,3,6.22,0.687,NdFe35,0.346054,0.169376,85.968,0.782729,OK
694,8,12,1,4.74,0.644,NdFe35,0.352803,0.502683,91.9858,1.36167,OK
695,4,12,3,4.71,0.696,NdFe35,0.160936,0.153017,96.8579,0.635381,OK
696,4,12,3,4.1,0.736,NdFe35,0.169742,0.183865,96.7545,0.696824,OK
697,8,12,3,6.0,0.636,NdFe35,0.291873,0.399429,92.7873,1.09654,OK
698,14,12,1,6.76,0.596,NdFe35,,,,,OKUMA_HATA
699,4,12,2,8.2,0.853,SmCo28,0.0508505,0.0161318,98.1525,0.229641,OK
700,4,12,3,7.21,0.576,SmCo28,0.10161,0.0646721,97.1261,0.364545,OK
701,4,12,1,4.9,0.725,SmCo28,0.149985,0.142336,97.005,0.608776,OK
702,10,12,3,5.52,0.807,SmCo28,0.360217,0.225909,83.3913,0.895212,OK
703,8,12,3,7.86,0.571,SmCo28,0.176736,0.191439,94.6978,0.617697,OK
704,20,24,1,7.96,0.752,Alnico9,0.133234,0.0970717,89.9803,0.71216,OK
705,8,12,2,5.13,0.868,Alnico9,0.128124,0.104484,96.2013,0.639346,OK
706,8,12,1,4.73,0.602,SmCo28,0.360086,0.782401,92.0943,1.30143,OK
707,8,12,1,4.34,0.799,SmCo28,0.330828,0.69769,92.4256,1.42782,OK
708,8,12,3,4.87,0.859,SmCo28,0.313444,0.625643,92.8751,1.41989,OK
709,16,24,1,6.42,0.656,SmCo28,0.508698,0.92386,86.6948,3.85454,OK
710,4,12,1,7.78,0.599,Alnico9,0.0549714,0.0187965,0.431534,4.07931,OK
711,4,12,1,6.96,0.875,SmCo28,0.0905448,0.0514637,97.6347,0.415755,OK
712,20,24,3,4.64,0.512,Alnico9,0.125267,0.0246697,93.7533,0.589691,OK
713,4,12,3,6.49,0.809,Alnico9,0.0727533,0.033311,98.1336,0.350439,OK
714,8,12,3,7.83,0.687,SmCo28,0.157136,0.0863486,94.9225,0.610674,OK
715,20,24,2,4.68,0.622,SmCo28,0.803404,3.12937,73.019,3.46939,OK
716,4,12,2,7.37,0.894,Alnico9,0.0512345,0.0164496,0.38491,4.63595,OK
717,14,12,1,7.76,0.537,Alnico9,,,,,OKUMA_HATA
718,14,12,3,7.7,0.778,NdFe35,,,,,OKUMA_HATA
719,16,24,2,7.04,0.852,NdFe35,0.393935,3.00912,89.0592,3.54159,OK
720,14,12,1,4.4,0.714,SmCo28,,,,,OKUMA_HATA
721,4,12,2,6.31,0.833,SmCo28,0.112415,0.0795906,97.312,0.498865,OK
722,16,24,1,5.81,0.675,Alnico9,0.12889,0.0490835,94.7147,1.12044,OK
723,4,12,1,6.99,0.769,SmCo28,0.0954943,0.0572157,97.5772,0.401252,OK
724,16,24,2,4.67,0.738,NdFe35,0.640771,6.75887,84.3077,5.24921,OK
725,10,12,1,7.42,0.527,NdFe35,0.292546,0.144195,90.4586,0.57013,OK
726,16,24,1,5.63,0.592,SmCo28,0.606117,6.02208,86.1498,4.31685,OK
727,4,12,1,6.98,0.71,NdFe35,0.101386,0.0628559,97.5791,0.403226,OK
728,14,12,2,7.97,0.865,SmCo28,,,,,OKUMA_HATA
729,20,24,1,7.52,0.64,NdFe35,0.501105,0.747475,79.2019,2.17212,OK
730,10,12,3,4.15,0.889,NdFe35,0.442905,0.48253,80.5109,1.12802,OK
731,8,12,1,6.63,0.526,NdFe35,0.282412,0.500466,93.6204,0.968361,OK
732,20,24,2,8.23,0.53,NdFe35,0.416414,0.549305,83.4184,1.61433,OK
733,14,12,2,4.14,0.877,NdFe35,,,,,OKUMA_HATA
734,10,12,2,7.47,0.584,NdFe35,0.270045,0.173723,89.3106,0.556967,OK
735,16,24,1,6.62,0.581,NdFe35,0.542471,4.98431,87.1446,3.82665,OK
736,16,24,2,5.01,0.838,Alnico9,0.126172,0.312926,95.0874,1.26144,OK
737,16,24,1,7.59,0.566,Alnico9,0.132747,0.308335,95.1918,1.02833,OK
738,8,12,2,8.49,0.734,SmCo28,0.0996504,0.0583658,96.0113,0.404671,OK
739,4,12,1,4.6,0.659,NdFe35,0.169124,0.0843643,96.765,0.646233,OK
740,20,24,3,5.71,0.556,NdFe35,0.779495,3.23033,76.9372,3.13874,OK
741,14,12,3,5.44,0.896,SmCo28,,,,,OKUMA_HATA
742,14,12,1,7.09,0.72,Alnico9,,,,,OKUMA_HATA
743,4,12,2,6.74,0.68,Alnico9,0.0751835,0.0234571,0.395366,5.04239,OK
744,20,24,2,6.95,0.701,NdFe35,0.570443,1.18059,74.6585,2.6045,OK
745,10,12,3,4.25,0.84,Alnico9,0.126953,0.00927929,91.9282,0.365812,OK
746,4,12,3,7.39,0.857,NdFe35,0.0786814,0.0387737,97.648,0.355907,OK
747,20,24,1,7.56,0.505,SmCo28,0.534633,0.169359,82.692,2.01544,OK
748,16,24,1,6.7,0.792,SmCo28,0.445916,3.72302,88.3753,3.82215,OK
749,8,12,2,6.09,0.742,SmCo28,0.262842,0.41997,92.8843,1.07571,OK
750,16,24,3,8.15,0.782,Alnico9,0.126515,0.292261,94.9353,1.17523,OK
751,16,24,1,4.4,0.823,SmCo28,0.612913,7.39522,86.4138,5.41607,OK
752,14,12,2,8.41,0.799,SmCo28,,,,,OKUMA_HATA
753,4,12,1,5.74,0.677,SmCo28,0.134251,0.0644217,97.1906,0.5202,OK
754,10,12,3,7.81,0.56,SmCo28,0.234256,0.125856,91.0986,0.47301,OK
755,20,24,3,6.53,0.532,SmCo28,0.658554,1.54686,79.7415,2.58159,OK
756,4,12,3,6.93,0.788,Alnico9,0.064387,0.0260224,98.2399,0.303734,OK
757,4,12,3,8.45,0.894,Alnico9,0.0277205,0.00479135,0.455342,3.24059,OK
758,8,12,2,7.74,0.649,NdFe35,0.175019,0.0965484,94.5115,0.674794,OK
759,8,12,3,5.23,0.574,SmCo28,0.343555,0.737917,92.5109,1.20998,OK
760,8,12,1,4.76,0.886,SmCo28,0.316969,0.642275,92.9853,1.46723,OK
761,10,12,1,7.22,0.634,NdFe35,0.279322,0.147932,88.5578,0.603025,OK
762,10,12,1,5.77,0.69,Alnico9,0.131785,0.0276347,93.0843,0.33627,OK
763,8,12,2,7.19,0.87,SmCo28,0.174652,0.192367,94.7542,0.796709,OK
764,16,24,1,5.88,0.639,SmCo28,0.560346,2.77334,86.2058,4.23045,OK
765,4,12,1,6.39,0.815,Alnico9,0.0744955,0.0349456,98.1501,0.361062,OK
766,16,24,2,5.19,0.634,SmCo28,0.6208,3.9762,84.6087,4.66128,OK
767,16,24,3,7.12,0.816,NdFe35,0.39394,2.9713,89.2294,3.44352,OK
768,20,24,3,4.59,0.656,NdFe35,0.815176,0.94868,72.7315,3.61779,OK
769,20,24,3,6.74,0.651,SmCo28,0.581386,0.642272,77.1793,2.55575,OK
770,10,12,1,5.85,0.546,SmCo28,0.398036,0.355764,88.1236,0.795157,OK
771,8,12,1,5.22,0.541,SmCo28,0.359074,0.815941,92.6449,1.21691,OK
772,8,12,1,6.18,0.577,Alnico9,0.131993,0.107706,0.430152,19.1348,OK
773,4,12,1,5.1,0.531,NdFe35,0.184339,0.21563,96.0707,0.629145,OK
774,8,12,3,5.39,0.546,SmCo28,0.346131,0.756616,92.7255,1.187,OK
775,16,24,1,8.28,0.551,Alnico9,0.132413,0.313951,95.2998,1.0058,OK
776,8,12,2,7.35,0.826,SmCo28,0.170314,0.181769,94.6603,0.7494,OK
777,8,12,1,4.52,0.767,Alnico9,0.127163,0.102256,96.1723,0.592271,OK
778,14,12,1,8.17,0.834,NdFe35,,,,,OKUMA_HATA
779,4,12,2,5.56,0.75,SmCo28,0.133154,0.112157,97.1132,0.551554,OK
780,14,12,2,4.08,0.798,SmCo28,,,,,OKUMA_HATA
781,20,24,3,6.17,0.581,NdFe35,0.709315,2.95582,77.1228,2.9238,OK
782,14,12,3,4.89,0.612,SmCo28,,,,,OKUMA_HATA
783,14,12,3,7.4,0.88,Alnico9,,,,,OKUMA_HATA
784,14,12,3,4.66,0.591,NdFe35,,,,,OKUMA_HATA
785,14,12,3,4.67,0.697,Alnico9,,,,,OKUMA_HATA
786,4,12,2,8.5,0.637,Alnico9,0.0315931,0.00571,0.394554,3.62419,OK
787,16,24,3,7.76,0.828,SmCo28,0.298852,1.71621,90.9588,2.64062,OK
788,14,12,1,7.84,0.528,SmCo28,,,,,OKUMA_HATA
789,8,12,3,5.53,0.548,NdFe35,0.345482,0.752626,92.5951,1.18559,OK
790,4,12,3,4.73,0.576,SmCo28,0.181903,0.210424,96.3325,0.652729,OK
791,20,24,1,5.71,0.655,NdFe35,0.719234,0.773474,74.4028,3.17391,OK
792,20,24,3,6.94,0.847,Alnico9,0.131567,0.0319799,89.0828,0.743507,OK
793,20,24,2,5.58,0.69,Alnico9,0.128421,0.0455439,90.8047,0.679816,OK
794,8,12,3,4.51,0.815,NdFe35,0.336872,0.723223,92.3324,1.47126,OK
795,20,24,2,7.75,0.62,SmCo28,0.450735,0.91978,79.9913,1.92173,OK
796,14,12,1,6.53,0.761,NdFe35,,,,,OKUMA_HATA
797,20,24,1,6.4,0.75,NdFe35,0.62914,2.26424,73.1978,2.98821,OK
798,16,24,1,8.24,0.744,Alnico9,0.124998,0.25344,94.9007,1.12772,OK
799,16,24,3,7.01,0.743,NdFe35,0.433865,3.07952,88.0955,3.56089,OK
800,14,12,2,4.99,0.754,NdFe35,,,,,OKUMA_HATA
801,20,24,3,4.85,0.837,Alnico9,0.125874,0.0106125,89.6612,0.73288,OK
802,20,24,2,5.25,0.788,Alnico9,0.127301,0.0757081,89.5584,0.721648,OK
803,14,12,3,5.41,0.563,SmCo28,,,,,OKUMA_HATA
804,8,12,1,5.53,0.846,SmCo28,0.2818,0.503449,93.2332,1.26157,OK
805,16,24,2,7.69,0.671,SmCo28,0.352022,0.185963,88.6777,2.70188,OK
806,4,12,2,6.71,0.847,SmCo28,0.0997221,0.0625087,97.47,0.447455,OK
807,16,24,3,4.43,0.797,NdFe35,0.643491,7.9793,85.6302,5.55517,OK
808,20,24,2,8.08,0.707,NdFe35,0.374748,0.55065,79.5478,1.71561,OK
809,20,24,2,6.55,0.744,Alnico9,0.130846,0.0972735,89.8039,0.707565,OK
810,16,24,2,8.21,0.702,NdFe35,0.278667,0.789223,90.2029,2.19921,OK
811,20,24,3,7.0,0.89,Alnico9,0.131635,0.0962636,88.9248,0.748115,OK
812,20,24,1,4.82,0.765,NdFe35,0.741784,3.19117,70.5155,3.58012,OK
813,14,12,2,4.36,0.653,Alnico9,,,,,OKUMA_HATA
814,10,12,2,5.86,0.78,NdFe35,0.353034,0.288847,83.2615,0.85849,OK
815,20,24,3,6.68,0.574,Alnico9,0.131291,0.099094,92.5464,0.624574,OK
816,16,24,1,5.66,0.568,Alnico9,0.128587,0.295053,95.3298,1.01791,OK
817,8,12,1,4.92,0.789,Alnico9,0.128186,0.104189,96.1788,0.60339,OK
818,14,12,2,4.05,0.661,SmCo28,,,,,OKUMA_HATA
819,20,24,2,6.33,0.637,SmCo28,0.628046,1.34128,75.5909,2.7302,OK
820,20,24,1,8.09,0.608,SmCo28,0.390267,0.777477,82.7726,1.64482,OK
821,10,12,3,5.47,0.696,SmCo28,0.373461,0.260229,85.2301,0.853501,OK
822,20,24,1,4.56,0.804,SmCo28,0.705428,1.71367,70.2747,3.50592,OK
823,14,12,1,8.47,0.737,Alnico9,,,,,OKUMA_HATA
824,4,12,1,4.49,0.674,SmCo28,0.16695,0.0797084,96.8132,0.647633,OK
825,14,12,1,4.19,0.543,SmCo28,,,,,OKUMA_HATA
826,8,12,3,5.71,0.871,Alnico9,0.128744,0.105226,96.2758,0.638624,OK
827,10,12,2,7.31,0.63,NdFe35,0.271559,0.147023,88.3251,0.583989,OK
828,14,12,2,5.46,0.751,NdFe35,,,,,OKUMA_HATA
829,20,24,3,7.16,0.508,NdFe35,0.626104,0.374629,80.9391,2.36727,OK
830,8,12,1,7.79,0.801,NdFe35,0.146245,0.133234,95.1158,0.62963,OK
831,16,24,3,4.21,0.516,NdFe35,0.845743,13.9274,85.0409,5.59157,OK
832,4,12,2,7.07,0.787,Alnico9,0.0613026,0.0235739,0.389765,4.82609,OK
833,8,12,1,7.91,0.825,SmCo28,0.132022,0.108895,95.505,0.580798,OK
834,20,24,2,7.15,0.614,SmCo28,0.545921,1.47703,78.0354,2.31906,OK
835,4,12,1,6.89,0.878,Alnico9,0.0617418,0.0239325,98.3159,0.311923,OK
836,14,12,3,6.82,0.738,Alnico9,,,,,OKUMA_HATA
837,8,12,3,5.05,0.71,NdFe35,0.323673,0.574196,92.1587,1.28758,OK
838,14,12,1,8.28,0.88,NdFe35,,,,,OKUMA_HATA
839,8,12,2,6.75,0.678,Alnico9,0.127925,0.0366264,95.7223,0.538369,OK
840,8,12,3,4.82,0.845,SmCo28,0.314521,0.629713,92.7977,1.40891,OK
841,16,24,2,4.27,0.772,SmCo28,0.625408,7.27917,84.946,5.29367,OK
842,20,24,2,5.95,0.812,Alnico9,0.12935,0.040116,89.086,0.733667,OK
843,10,12,1,4.93,0.529,NdFe35,0.491694,0.454742,86.9659,0.963694,OK
844,20,24,2,6.25,0.524,NdFe35,0.736187,1.52818,77.6638,2.85181,OK
845,16,24,3,7.49,0.589,SmCo28,0.414634,2.77967,88.8643,2.95133,OK
846,10,12,3,6.03,0.671,NdFe35,0.360709,0.0452823,85.972,0.805548,OK
847,16,24,2,4.26,0.827,SmCo28,0.616857,7.51597,85.6834,5.46904,OK
848,14,12,2,4.35,0.777,NdFe35,,,,,OKUMA_HATA
849,20,24,2,6.45,0.571,NdFe35,0.683063,2.67295,76.8285,2.78415,OK
850,16,24,1,5.79,0.785,NdFe35,0.564476,5.95338,86.5622,4.80743,OK
851,4,12,1,5.79,0.647,NdFe35,0.139532,0.100743,97.1267,0.539335,OK
852,16,24,1,6.69,0.516,Alnico9,0.131159,0.323404,95.6515,0.975174,OK
853,4,12,2,4.06,0.597,Alnico9,0.11902,0.0904243,0.433192,5.2775,OK
854,4,12,3,7.27,0.52,Alnico9,0.0771455,0.0372977,0.481261,4.52177,OK
855,20,24,1,7.78,0.633,SmCo28,0.439147,0.689375,80.8895,1.89424,OK
856,8,12,3,6.64,0.681,NdFe35,0.2492,0.170724,93.2442,0.962425,OK
857,20,24,1,4.53,0.704,NdFe35,0.788395,2.64679,71.5792,3.63912,OK
858,16,24,3,7.24,0.539,SmCo28,0.464107,3.95709,88.9543,3.17309,OK
859,10,12,3,5.26,0.61,SmCo28,0.411103,0.404572,86.3857,0.873539,OK
860,8,12,2,5.2,0.643,Alnico9,0.129755,0.0691294,0.39707,20.7653,OK
861,4,12,2,7.17,0.831,Alnico9,0.0572172,0.020528,98.3704,0.278201,OK
862,10,12,2,4.1,0.582,NdFe35,0.515774,0.683059,84.5592,1.07016,OK
863,16,24,1,7.97,0.659,Alnico9,0.132632,0.0418475,94.5982,1.11621,OK
864,8,12,2,6.51,0.885,Alnico9,0.122651,0.095455,96.2836,0.610889,OK
865,10,12,2,5.92,0.579,NdFe35,0.392423,0.380245,86.8243,0.807692,OK
866,14,12,2,6.21,0.861,SmCo28,,,,,OKUMA_HATA
867,4,12,3,4.65,0.865,SmCo28,0.151385,0.145839,96.9367,0.692839,OK
868,16,24,3,5.46,0.817,SmCo28,0.557107,6.02146,86.9751,4.88659,OK
869,4,12,1,7.25,0.886,NdFe35,0.0813934,0.0415262,97.7268,0.376774,OK
870,8,12,2,6.85,0.635,NdFe35,0.244614,0.281321,93.2535,0.919234,OK
871,14,12,3,5.68,0.837,SmCo28,,,,,OKUMA_HATA
872,10,12,3,6.24,0.779,Alnico9,0.132143,0.0403954,92.0291,0.356356,OK
873,10,12,2,7.95,0.74,SmCo28,0.177899,0.0739077,89.3548,0.419218,OK
874,16,24,3,8.11,0.726,Alnico9,0.129442,0.240887,94.6713,1.15,OK
875,14,12,1,6.6,0.819,Alnico9,,,,,OKUMA_HATA
876,10,12,3,7.61,0.65,NdFe35,0.235614,0.0640287,89.371,0.515769,OK
877,16,24,1,4.08,0.775,Alnico9,0.122319,0.280862,95.2289,1.1847,OK
878,10,12,2,8.19,0.749,SmCo28,0.154026,0.0555674,90.1295,0.365398,OK
879,10,12,3,4.97,0.544,Alnico9,0.13031,0.0382922,94.8187,0.301808,OK
880,14,12,2,6.37,0.619,SmCo28,,,,,OKUMA_HATA
881,4,12,3,4.12,0.664,NdFe35,0.181024,0.0396004,96.6199,0.695425,OK
882,8,12,3,8.33,0.788,Alnico9,0.0640648,0.0253992,97.3645,0.292954,OK
883,16,24,1,4.04,0.6,NdFe35,0.768113,9.55238,84.0073,5.54059,OK
884,20,24,3,7.98,0.805,Alnico9,0.133098,0.0507945,89.2718,0.732505,OK
885,10,12,1,6.73,0.662,SmCo28,0.302866,0.0335543,87.5023,0.671203,OK
886,8,12,2,7.05,0.868,SmCo28,0.18413,0.213864,94.5834,0.838628,OK
887,14,12,1,5.07,0.515,NdFe35,,,,,OKUMA_HATA
888,20,24,2,4.78,0.683,NdFe35,0.780814,1.25387,71.079,3.53915,OK
889,16,24,3,6.03,0.509,Alnico9,0.129626,0.319158,95.6886,0.962461,OK
890,20,24,2,7.3,0.638,NdFe35,0.542297,0.938571,77.2575,2.34677,OK
891,20,24,2,7.17,0.659,Alnico9,0.132171,0.0167512,90.923,0.669138,OK
892,4,12,3,5.78,0.651,SmCo28,0.135846,0.0853875,97.1522,0.52559,OK
893,14,12,1,5.99,0.523,SmCo28,,,,,OKUMA_HATA
894,4,12,2,6.73,0.792,Alnico9,0.0686018,0.029575,0.390701,5.03607,OK
895,20,24,3,4.03,0.68,SmCo28,0.798276,1.12129,72.301,3.6344,OK
896,8,12,1,5.11,0.589,SmCo28,0.344293,0.730123,92.4611,1.24059,OK
897,8,12,3,8.37,0.526,SmCo28,0.139536,0.120816,95.3617,0.465523,OK
898,20,24,2,6.85,0.548,SmCo28,0.609234,1.75445,79.0418,2.42859,OK
899,10,12,3,7.49,0.757,NdFe35,0.221407,0.116612,88.142,0.528427,OK
900,20,24,3,6.01,0.727,SmCo28,0.631323,2.14108,73.8425,2.95816,OK
901,20,24,2,4.2,0.818,SmCo28,0.712417,0.959991,68.4334,3.57382,OK
902,16,24,1,8.1,0.856,Alnico9,0.125913,0.305651,0.604015,45.7259,OK
903,8,12,1,7.76,0.77,NdFe35,0.152837,0.144014,94.9847,0.640465,OK
904,20,24,1,4.87,0.767,NdFe35,0.738529,3.12828,70.5186,3.56868,OK
905,16,24,3,5.04,0.79,Alnico9,0.126361,0.302801,95.0628,1.21521,OK
906,14,12,1,5.17,0.841,SmCo28,,,,,OKUMA_HATA
907,8,12,2,6.24,0.888,NdFe35,0.235813,0.353319,93.8051,1.09047,OK
908,14,12,1,4.42,0.743,SmCo28,,,,,OKUMA_HATA
909,8,12,1,6.0,0.727,NdFe35,0.278832,0.457226,92.8596,1.12461,OK
910,4,12,1,8.46,0.6,NdFe35,0.0552029,0.0188709,97.8828,0.199071,OK
911,20,24,3,6.6,0.9,Alnico9,0.130816,0.10359,88.9814,0.747282,OK
912,10,12,2,4.6,0.871,Alnico9,0.128071,0.0353132,91.3682,0.367946,OK
913,20,24,2,7.92,0.678,SmCo28,0.394873,0.19047,79.7772,1.76906,OK
914,14,12,2,8.06,0.862,Alnico9,,,,,OKUMA_HATA
915,20,24,3,7.38,0.531,NdFe35,0.582109,1.141,80.9456,2.2601,OK
916,10,12,1,7.51,0.612,NdFe35,0.256669,0.149137,89.5303,0.54329,OK
917,14,12,1,5.51,0.655,NdFe35,,,,,OKUMA_HATA
918,20,24,1,5.47,0.854,NdFe35,0.695936,1.34407,69.5652,3.50945,OK
919,8,12,3,6.14,0.879,Alnico9,0.126717,0.101884,96.3119,0.629698,OK
920,20,24,2,6.46,0.654,SmCo28,0.60937,0.584456,75.3939,2.68691,OK
921,8,12,2,4.85,0.632,Alnico9,0.128874,0.0841086,0.400004,20.5964,OK
922,8,12,3,5.56,0.693,SmCo28,0.292415,0.370929,92.5914,1.14555,OK
923,10,12,3,7.5,0.579,NdFe35,0.268453,0.172301,89.9244,0.551454,OK
924,16,24,1,5.85,0.652,NdFe35,0.587291,1.72005,85.5361,4.43289,OK
925,4,12,3,6.58,0.665,SmCo28,0.112731,0.00866025,97.4216,0.431369,OK
926,4,12,1,4.41,0.546,Alnico9,0.121172,0.0935772,0.471764,5.43817,OK
927,16,24,2,5.82,0.641,NdFe35,0.593392,2.92606,84.9229,4.48772,OK
928,10,12,2,6.18,0.631,SmCo28,0.345111,0.241168,86.6162,0.745338,OK
929,10,12,1,7.87,0.592,NdFe35,0.224427,0.118718,90.6958,0.466305,OK
930,14,12,2,6.27,0.802,Alnico9,,,,,OKUMA_HATA
931,14,12,2,8.35,0.8,NdFe35,,,,,OKUMA_HATA
932,14,12,3,6.81,0.613,Alnico9,,,,,OKUMA_HATA
933,16,24,3,7.02,0.821,Alnico9,0.131404,0.33192,94.9893,1.26728,OK
934,14,12,3,5.59,0.542,Alnico9,,,,,OKUMA_HATA
935,14,12,2,7.35,0.601,SmCo28,,,,,OKUMA_HATA
936,8,12,3,6.07,0.772,Alnico9,0.129767,0.105252,96.0427,0.594062,OK
937,16,24,2,7.51,0.558,SmCo28,0.423568,3.19746,88.6855,2.92156,OK
938,10,12,2,4.17,0.738,Alnico9,0.126987,0.0409038,92.6222,0.346013,OK
939,16,24,1,6.06,0.809,NdFe35,0.531059,5.40846,87.233,4.61251,OK
940,10,12,1,5.09,0.768,SmCo28,0.38364,0.361499,83.487,0.927953,OK
941,8,12,3,7.59,0.563,SmCo28,0.199488,0.245586,94.3707,0.691483,OK
942,4,12,1,4.38,0.761,SmCo28,0.158112,0.15942,96.9073,0.663991,OK
943,4,12,1,7.26,0.668,Alnico9,0.0639266,0.00216879,0.428372,4.42588,OK
944,14,12,3,7.34,0.746,SmCo28,,,,,OKUMA_HATA
945,8,12,1,7.23,0.646,Alnico9,0.120551,0.0521716,0.421243,15.8531,OK
946,20,24,1,5.73,0.756,SmCo28,0.64751,2.4335,72.7147,3.10222,OK
947,4,12,2,6.88,0.711,Alnico9,0.0699499,0.0300042,0.39384,4.92503,OK
948,20,24,3,5.61,0.787,Alnico9,0.128436,0.077144,89.8992,0.720524,OK
949,4,12,3,7.63,0.57,Alnico9,0.0614451,0.023601,0.474202,4.09677,OK
950,16,24,2,4.16,0.514,NdFe35,0.85284,14.1875,84.3187,5.6077,OK
951,14,12,2,4.63,0.512,NdFe35,,,,,OKUMA_HATA
952,16,24,1,6.32,0.749,NdFe35,0.522833,4.63459,86.8373,4.31383,OK
953,16,24,2,4.94,0.772,SmCo28,0.589912,6.41513,85.4278,4.98593,OK
954,16,24,2,5.77,0.584,Alnico9,0.128877,0.281634,94.9857,1.03606,OK
955,4,12,1,4.77,0.873,NdFe35,0.153009,0.148918,96.9241,0.703054,OK
956,10,12,2,5.31,0.609,Alnico9,0.131009,0.0411945,93.828,0.317536,OK
957,10,12,2,4.74,0.67,Alnico9,0.129211,0.00475104,93.2352,0.331242,OK
958,4,12,3,4.72,0.66,SmCo28,0.163336,0.0703714,96.8114,0.625011,OK
959,16,24,3,6.64,0.862,SmCo28,0.430349,3.59494,89.1381,3.90643,OK
960,4,12,1,6.55,0.594,Alnico9,0.0874605,0.0480207,0.438192,5.10826,OK
961,16,24,1,6.02,0.834,SmCo28,0.513977,5.14416,87.7656,4.56284,OK
962,8,12,3,5.64,0.885,Alnico9,0.128627,0.105348,96.3055,0.645192,OK
963,14,12,2,4.69,0.723,Alnico9,,,,,OKUMA_HATA
964,4,12,3,7.33,0.84,NdFe35,0.0816699,0.0417932,97.5972,0.364199,OK
965,16,24,2,7.29,0.571,SmCo28,0.446396,3.45446,88.1104,3.11469,OK
966,10,12,3,7.65,0.75,Alnico9,0.116511,0.032084,92.8196,0.303898,OK
967,8,12,1,8.32,0.602,NdFe35,0.134558,0.105796,95.42,0.487502,OK
968,16,24,3,6.82,0.574,Alnico9,0.131389,0.298434,95.1104,1.03076,OK
969,16,24,3,8.42,0.589,SmCo28,0.264721,1.11841,91.3819,1.87934,OK
970,4,12,2,7.14,0.556,SmCo28,0.105961,0.0703822,96.9786,0.369253,OK
971,10,12,3,5.79,0.78,NdFe35,0.357719,0.297017,83.9108,0.870566,OK
972,8,12,2,7.05,0.616,NdFe35,0.234953,0.309455,93.4634,0.861764,OK
973,10,12,2,4.97,0.721,NdFe35,0.410875,0.401873,83.0654,0.956884,OK
974,8,12,1,4.81,0.531,NdFe35,0.399082,1.01219,92.2982,1.34715,OK
975,4,12,3,6.97,0.587,NdFe35,0.111511,0.077926,96.9861,0.397622,OK
976,20,24,3,8.15,0.791,SmCo28,0.323651,0.418156,80.3361,1.57796,OK
977,20,24,1,7.66,0.587,SmCo28,0.483951,1.32584,81.242,2.00206,OK
978,4,12,3,8.14,0.898,Alnico9,0.0347134,0.00752351,0.45493,3.4378,OK
979,20,24,2,4.13,0.858,Alnico9,0.122726,0.0505633,89.4253,0.733653,OK
980,8,12,1,6.86,0.569,SmCo28,0.246271,0.375078,93.7636,0.859132,OK
981,16,24,2,4.52,0.577,NdFe35,0.746114,9.87457,83.9986,5.28433,OK
982,10,12,2,8.1,0.853,NdFe35,0.154071,0.0312382,89.0431,0.388144,OK
983,10,12,3,8.48,0.722,SmCo28,0.131171,0.0382112,91.7171,0.304972,OK
984,20,24,1,5.93,0.569,SmCo28,0.708035,2.88587,77.7086,2.89442,OK
985,10,12,1,7.16,0.518,NdFe35,0.318942,0.12683,90.1296,0.615387,OK
986,10,12,3,5.07,0.77,SmCo28,0.384513,0.36005,83.481,0.931791,OK
987,8,12,3,5.67,0.554,Alnico9,0.131312,0.10843,0.473895,18.839,OK
988,14,12,1,6.26,0.774,Alnico9,,,,,OKUMA_HATA
989,10,12,3,5.16,0.783,Alnico9,0.130022,0.0393485,92.1749,0.356907,OK
990,14,12,2,6.27,0.719,Alnico9,,,,,OKUMA_HATA
991,16,24,2,6.08,0.684,Alnico9,0.129582,0.0986918,94.4415,1.13347,OK
992,10,12,3,5.54,0.593,NdFe35,0.412458,0.419101,86.7208,0.86116,OK
993,10,12,1,4.28,0.629,SmCo28,0.465003,0.468058,84.9158,1.00787,OK
994,8,12,3,7.96,0.73,SmCo28,0.140521,0.115275,95.2642,0.568669,OK
995,10,12,2,4.12,0.598,Alnico9,0.127218,0.0410767,94.2272,0.314602,OK
996,8,12,1,5.62,0.721,SmCo28,0.286659,0.474756,92.759,1.1521,OK
997,8,12,1,4.61,0.518,Alnico9,0.128701,0.105472,96.8182,0.481112,OK
998,10,12,1,4.56,0.813,SmCo28,0.405457,0.245061,82.0924,1.01384,OK
999,16,24,3,8.3,0.794,SmCo28,0.234772,1.02451,91.9587,2.01771,OK
1000,4,12,2,7.06,0.666,NdFe35,0.101749,0.00277905,97.5357,0.388654,OK
